src_node_id,edge_type,dst_node_id,evidence_ref
ASSET::STS-PLANT,PARENT_OF,ASSET::STS-U1,asset_hierarchy.csv
ASSET::STS-PLANT,PARENT_OF,ASSET::STS-U2,asset_hierarchy.csv
ASSET::STS-U1,PARENT_OF,ASSET::STS-U1-BOILER,asset_hierarchy.csv
ASSET::STS-U1,PARENT_OF,ASSET::STS-U1-TURBINE,asset_hierarchy.csv
ASSET::STS-U1,PARENT_OF,ASSET::STS-U1-GENERATOR,asset_hierarchy.csv
ASSET::STS-U1,PARENT_OF,ASSET::STS-U1-COOLING,asset_hierarchy.csv
ASSET::STS-U1,PARENT_OF,ASSET::STS-U1-ELECTRICAL,asset_hierarchy.csv
ASSET::STS-U1,PARENT_OF,ASSET::STS-U1-CONTROLS,asset_hierarchy.csv
ASSET::STS-U1-BOILER,PARENT_OF,ASSET::STS-U1-BOI-FURNACE,asset_hierarchy.csv
ASSET::STS-U1-BOILER,PARENT_OF,ASSET::STS-U1-BOI-IDFANS,asset_hierarchy.csv
ASSET::STS-U1-BOILER,PARENT_OF,ASSET::STS-U1-BOI-FDPAFANS,asset_hierarchy.csv
ASSET::STS-U1-BOILER,PARENT_OF,ASSET::STS-U1-BOI-DAMPERS,asset_hierarchy.csv
ASSET::STS-U1-BOILER,PARENT_OF,ASSET::STS-U1-BOI-MILLS,asset_hierarchy.csv
ASSET::STS-U1-BOILER,PARENT_OF,ASSET::STS-U1-BOI-APH,asset_hierarchy.csv
ASSET::STS-U1-BOILER,PARENT_OF,ASSET::STS-U1-BOI-SH,asset_hierarchy.csv
ASSET::STS-U1-BOILER,PARENT_OF,ASSET::STS-U1-BOI-ECO,asset_hierarchy.csv
ASSET::STS-U1-TURBINE,PARENT_OF,ASSET::STS-U1-TUR-HP,asset_hierarchy.csv
ASSET::STS-U1-TURBINE,PARENT_OF,ASSET::STS-U1-TUR-IP,asset_hierarchy.csv
ASSET::STS-U1-TURBINE,PARENT_OF,ASSET::STS-U1-TUR-LP,asset_hierarchy.csv
ASSET::STS-U1-TURBINE,PARENT_OF,ASSET::STS-U1-TUR-BRG,asset_hierarchy.csv
ASSET::STS-U1-TURBINE,PARENT_OF,ASSET::STS-U1-TUR-CV,asset_hierarchy.csv
ASSET::STS-U1-GENERATOR,PARENT_OF,ASSET::STS-U1-GEN-ROTOR,asset_hierarchy.csv
ASSET::STS-U1-GENERATOR,PARENT_OF,ASSET::STS-U1-GEN-STATOR,asset_hierarchy.csv
ASSET::STS-U1-GENERATOR,PARENT_OF,ASSET::STS-U1-GEN-H2,asset_hierarchy.csv
ASSET::STS-U1-COOLING,PARENT_OF,ASSET::STS-U1-COL-CT,asset_hierarchy.csv
ASSET::STS-U1-COOLING,PARENT_OF,ASSET::STS-U1-COL-CND,asset_hierarchy.csv
ASSET::STS-U1-COOLING,PARENT_OF,ASSET::STS-U1-COL-CWP,asset_hierarchy.csv
ASSET::STS-U1-ELECTRICAL,PARENT_OF,ASSET::STS-U1-ELC-XFMR,asset_hierarchy.csv
ASSET::STS-U1-ELECTRICAL,PARENT_OF,ASSET::STS-U1-ELC-SWYD,asset_hierarchy.csv
ASSET::STS-U1-CONTROLS,PARENT_OF,ASSET::STS-U1-CTL-DCS,asset_hierarchy.csv
ASSET::STS-U1-CONTROLS,PARENT_OF,ASSET::STS-U1-CTL-INST,asset_hierarchy.csv
ASSET::STS-U1-BOI-IDFANS,PARENT_OF,ASSET::STS-U1-IDF-A,asset_hierarchy.csv
ASSET::STS-U1-BOI-IDFANS,PARENT_OF,ASSET::STS-U1-IDF-B,asset_hierarchy.csv
ASSET::STS-U1-BOI-DAMPERS,PARENT_OF,ASSET::STS-U1-DAMPER-FG,asset_hierarchy.csv
ASSET::STS-U1-BOI-APH,PARENT_OF,ASSET::STS-U1-APH-1,asset_hierarchy.csv
ASSET::STS-U1-BOI-SH,PARENT_OF,ASSET::STS-U1-SH-OUT,asset_hierarchy.csv
ASSET::STS-U1-BOI-ECO,PARENT_OF,ASSET::STS-U1-ECO-IN,asset_hierarchy.csv
ASSET::STS-U1-BOI-MILLS,PARENT_OF,ASSET::STS-U1-MILL-1,asset_hierarchy.csv
ASSET::STS-U1-BOI-MILLS,PARENT_OF,ASSET::STS-U1-MILL-2,asset_hierarchy.csv
ASSET::STS-U1-BOI-MILLS,PARENT_OF,ASSET::STS-U1-MILL-3,asset_hierarchy.csv
ASSET::STS-U1-BOI-MILLS,PARENT_OF,ASSET::STS-U1-MILL-4,asset_hierarchy.csv
ASSET::STS-U1-BOI-MILLS,PARENT_OF,ASSET::STS-U1-MILL-5,asset_hierarchy.csv
ASSET::STS-U1-BOI-MILLS,PARENT_OF,ASSET::STS-U1-MILL-6,asset_hierarchy.csv
ASSET::STS-U1-TUR-BRG,PARENT_OF,ASSET::STS-U1-TB-BRG2,asset_hierarchy.csv
ASSET::STS-U1-TUR-CV,PARENT_OF,ASSET::STS-U1-TB-CV-HP,asset_hierarchy.csv
ASSET::STS-U1-COL-CND,PARENT_OF,ASSET::STS-U1-CND,asset_hierarchy.csv
ASSET::STS-U1-COL-CT,PARENT_OF,ASSET::STS-U1-CTF-BANK1,asset_hierarchy.csv
ASSET::STS-U1-COL-CWP,PARENT_OF,ASSET::STS-U1-CWP-1,asset_hierarchy.csv
ASSET::STS-U1-COL-CWP,PARENT_OF,ASSET::STS-U1-CWP-2,asset_hierarchy.csv
ASSET::STS-U1-ELC-XFMR,PARENT_OF,ASSET::STS-U1-XFMR-GSU,asset_hierarchy.csv
ASSET::STS-U1-ELC-SWYD,PARENT_OF,ASSET::STS-U1-SWYD-1,asset_hierarchy.csv
ASSET::STS-U1-CTL-DCS,PARENT_OF,ASSET::STS-U1-DCS,asset_hierarchy.csv
TAG::TAG-U1-FurnaceDraftPressure_Pa,MEASURES,ASSET::STS-U1-BOI-FURNACE,sensor_registry.csv
TAG::TAG-U1-IDFanSpeed_pct,MEASURES,ASSET::STS-U1-IDF-A,sensor_registry.csv
TAG::TAG-U1-DamperPosition_pct,MEASURES,ASSET::STS-U1-DAMPER-FG,sensor_registry.csv
TAG::TAG-U1-O2_pct,MEASURES,ASSET::STS-U1-BOI-FURNACE,sensor_registry.csv
TAG::TAG-U1-MillCurrent_A,MEASURES,ASSET::STS-U1-MILL-1,sensor_registry.csv
TAG::TAG-U1-TurbineVibration_mm_s,MEASURES,ASSET::STS-U1-TB-BRG2,sensor_registry.csv
TAG::TAG-U1-CondenserTemp_C,MEASURES,ASSET::STS-U1-CND,sensor_registry.csv
TAG::TAG-U1-AuxLoad_MW,MEASURES,ASSET::STS-U1,sensor_registry.csv
TAG::TAG-U1-NetGeneration_MW,MEASURES,ASSET::STS-U1,sensor_registry.csv
TAG::TAG-U1-CondenserVacuum_kPa,MEASURES,ASSET::STS-U1-CND,sensor_registry.csv
EVENT::EVT-2023-02-TB-VIB,AFFECTS,ASSET::STS-U1-TB-BRG2,events_outages_derates.csv
EVENT::EVT-DRAFT-20230303-01,AFFECTS,ASSET::STS-U1-IDF-A,events_outages_derates.csv
EVENT::EVT-DRAFT-20230305-02,AFFECTS,ASSET::STS-U1-IDF-A,events_outages_derates.csv
EVENT::EVT-DRAFT-20230309-03,AFFECTS,ASSET::STS-U1-IDF-A,events_outages_derates.csv
EVENT::EVT-2023-03-MILLTRIP,AFFECTS,ASSET::STS-U1-MILL-3,events_outages_derates.csv
EVENT::EVT-DRAFT-20230403-04,AFFECTS,ASSET::STS-U1-IDF-A,events_outages_derates.csv
EVENT::EVT-2023-05-TUBELEAK,AFFECTS,ASSET::STS-U1-SH-OUT,events_outages_derates.csv
EVENT::EVT-DRAFT-20230513-05,AFFECTS,ASSET::STS-U1-IDF-A,events_outages_derates.csv
EVENT::EVT-DRAFT-20230524-06,AFFECTS,ASSET::STS-U1-IDF-A,events_outages_derates.csv
EVENT::EVT-2023-07-WETCOAL,AFFECTS,ASSET::STS-U1-MILL-3,events_outages_derates.csv
EVENT::EVT-2023-09-PM1,AFFECTS,ASSET::STS-U1-SH-OUT,events_outages_derates.csv
EVENT::EVT-DRAFT-20230927-07,AFFECTS,ASSET::STS-U1-IDF-A,events_outages_derates.csv
EVENT::EVT-DRAFT-20231104-08,AFFECTS,ASSET::STS-U1-IDF-A,events_outages_derates.csv
EVENT::EVT-DRAFT-20231108-09,AFFECTS,ASSET::STS-U1-IDF-A,events_outages_derates.csv
EVENT::EVT-DRAFT-20231123-10,AFFECTS,ASSET::STS-U1-IDF-A,events_outages_derates.csv
EVENT::EVT-DRAFT-20231230-11,AFFECTS,ASSET::STS-U1-IDF-A,events_outages_derates.csv
EVENT::EVT-DRAFT-20240106-12,AFFECTS,ASSET::STS-U1-IDF-A,events_outages_derates.csv
EVENT::EVT-DRAFT-20240112-13,AFFECTS,ASSET::STS-U1-IDF-A,events_outages_derates.csv
EVENT::EVT-2024-02-TB-VIB,AFFECTS,ASSET::STS-U1-TB-BRG2,events_outages_derates.csv
EVENT::EVT-2024-03-CW-CONSTR,AFFECTS,ASSET::STS-U1-CWP-2,events_outages_derates.csv
EVENT::EVT-DRAFT-20240408-14,AFFECTS,ASSET::STS-U1-IDF-A,events_outages_derates.csv
EVENT::EVT-DRAFT-20240415-15,AFFECTS,ASSET::STS-U1-IDF-A,events_outages_derates.csv
EVENT::EVT-DRAFT-20240512-16,AFFECTS,ASSET::STS-U1-IDF-A,events_outages_derates.csv
EVENT::EVT-DRAFT-20240531-17,AFFECTS,ASSET::STS-U1-IDF-A,events_outages_derates.csv
EVENT::EVT-2024-06-AUXDRIFT,AFFECTS,ASSET::STS-U1-CTF-BANK1,events_outages_derates.csv
EVENT::EVT-DRAFT-20240612-18,AFFECTS,ASSET::STS-U1-IDF-A,events_outages_derates.csv
EVENT::EVT-DRAFT-20240701-19,AFFECTS,ASSET::STS-U1-IDF-A,events_outages_derates.csv
EVENT::EVT-2024-07-WETCOAL,AFFECTS,ASSET::STS-U1-MILL-3,events_outages_derates.csv
EVENT::EVT-DRAFT-20240720-20,AFFECTS,ASSET::STS-U1-IDF-A,events_outages_derates.csv
EVENT::EVT-DRAFT-20240724-21,AFFECTS,ASSET::STS-U1-IDF-A,events_outages_derates.csv
EVENT::EVT-DRAFT-20240830-22,AFFECTS,ASSET::STS-U1-IDF-A,events_outages_derates.csv
EVENT::EVT-DRAFT-20240902-23,AFFECTS,ASSET::STS-U1-IDF-A,events_outages_derates.csv
EVENT::EVT-2024-09-PM2,AFFECTS,ASSET::STS-U1-CTF-BANK1,events_outages_derates.csv
EVENT::EVT-DRAFT-20241106-24,AFFECTS,ASSET::STS-U1-IDF-A,events_outages_derates.csv
EVENT::EVT-DRAFT-20241130-25,AFFECTS,ASSET::STS-U1-IDF-A,events_outages_derates.csv
EVENT::EVT-DRAFT-20241219-26,AFFECTS,ASSET::STS-U1-IDF-A,events_outages_derates.csv
WO::WO-00001,REFERS_TO,ASSET::STS-U1-MILL-3,work_orders.csv
WO::WO-00001,LINKED_TO,EVENT::EVT-2023-03-MILLTRIP,work_orders.csv
WO::WO-00002,REFERS_TO,ASSET::STS-U1-IDF-A,work_orders.csv
WO::WO-00002,LINKED_TO,EVENT::EVT-DRAFT-20240112-13,work_orders.csv
WO::WO-00003,REFERS_TO,ASSET::STS-U1-IDF-A,work_orders.csv
WO::WO-00003,LINKED_TO,EVENT::EVT-DRAFT-20241219-26,work_orders.csv
WO::WO-00004,REFERS_TO,ASSET::STS-U1-TB-BRG2,work_orders.csv
WO::WO-00004,LINKED_TO,EVENT::EVT-2024-02-TB-VIB,work_orders.csv
WO::WO-00005,REFERS_TO,ASSET::STS-U1-SH-OUT,work_orders.csv
WO::WO-00005,LINKED_TO,EVENT::EVT-2023-09-PM1,work_orders.csv
WO::WO-00006,REFERS_TO,ASSET::STS-U1-IDF-A,work_orders.csv
WO::WO-00006,LINKED_TO,EVENT::EVT-DRAFT-20240902-23,work_orders.csv
WO::WO-00007,REFERS_TO,ASSET::STS-U1-IDF-A,work_orders.csv
WO::WO-00008,REFERS_TO,ASSET::STS-U1-IDF-A,work_orders.csv
WO::WO-00008,LINKED_TO,EVENT::EVT-DRAFT-20230305-02,work_orders.csv
WO::WO-00009,REFERS_TO,ASSET::STS-U1-APH-1,work_orders.csv
WO::WO-00010,REFERS_TO,ASSET::STS-U1-IDF-A,work_orders.csv
WO::WO-00010,LINKED_TO,EVENT::EVT-DRAFT-20230927-07,work_orders.csv
WO::WO-00011,REFERS_TO,ASSET::STS-U1-IDF-A,work_orders.csv
WO::WO-00011,LINKED_TO,EVENT::EVT-DRAFT-20240106-12,work_orders.csv
WO::WO-00012,REFERS_TO,ASSET::STS-U1-IDF-A,work_orders.csv
WO::WO-00012,LINKED_TO,EVENT::EVT-DRAFT-20230303-01,work_orders.csv
WO::WO-00013,REFERS_TO,ASSET::STS-U1-IDF-A,work_orders.csv
WO::WO-00013,LINKED_TO,EVENT::EVT-DRAFT-20230309-03,work_orders.csv
WO::WO-00014,REFERS_TO,ASSET::STS-U1-CWP-2,work_orders.csv
WO::WO-00015,REFERS_TO,ASSET::STS-U1-APH-1,work_orders.csv
WO::WO-00016,REFERS_TO,ASSET::STS-U1-CTF-BANK1,work_orders.csv
WO::WO-00016,LINKED_TO,EVENT::EVT-2024-06-AUXDRIFT,work_orders.csv
WO::WO-00017,REFERS_TO,ASSET::STS-U1-MILL-3,work_orders.csv
WO::WO-00017,LINKED_TO,EVENT::EVT-2023-07-WETCOAL,work_orders.csv
WO::WO-00018,REFERS_TO,ASSET::STS-U1-IDF-A,work_orders.csv
WO::WO-00018,LINKED_TO,EVENT::EVT-DRAFT-20240106-12,work_orders.csv
WO::WO-00019,REFERS_TO,ASSET::STS-U1-APH-1,work_orders.csv
WO::WO-00020,REFERS_TO,ASSET::STS-U1-IDF-A,work_orders.csv
WO::WO-00020,LINKED_TO,EVENT::EVT-DRAFT-20231104-08,work_orders.csv
WO::WO-00021,REFERS_TO,ASSET::STS-U1-CWP-2,work_orders.csv
WO::WO-00022,REFERS_TO,ASSET::STS-U1-IDF-A,work_orders.csv
WO::WO-00022,LINKED_TO,EVENT::EVT-DRAFT-20240112-13,work_orders.csv
WO::WO-00023,REFERS_TO,ASSET::STS-U1-SH-OUT,work_orders.csv
WO::WO-00023,LINKED_TO,EVENT::EVT-2023-05-TUBELEAK,work_orders.csv
WO::WO-00024,REFERS_TO,ASSET::STS-U1-SH-OUT,work_orders.csv
WO::WO-00024,LINKED_TO,EVENT::EVT-2023-09-PM1,work_orders.csv
WO::WO-00025,REFERS_TO,ASSET::STS-U1-IDF-A,work_orders.csv
WO::WO-00025,LINKED_TO,EVENT::EVT-DRAFT-20240720-20,work_orders.csv
WO::WO-00026,REFERS_TO,ASSET::STS-U1-CTF-BANK1,work_orders.csv
WO::WO-00026,LINKED_TO,EVENT::EVT-2024-06-AUXDRIFT,work_orders.csv
WO::WO-00027,REFERS_TO,ASSET::STS-U1-IDF-A,work_orders.csv
WO::WO-00027,LINKED_TO,EVENT::EVT-DRAFT-20231104-08,work_orders.csv
WO::WO-00028,REFERS_TO,ASSET::STS-U1-CWP-2,work_orders.csv
WO::WO-00029,REFERS_TO,ASSET::STS-U1-MILL-3,work_orders.csv
WO::WO-00029,LINKED_TO,EVENT::EVT-2024-07-WETCOAL,work_orders.csv
WO::WO-00030,REFERS_TO,ASSET::STS-U1-TB-BRG2,work_orders.csv
WO::WO-00030,LINKED_TO,EVENT::EVT-2024-02-TB-VIB,work_orders.csv
WO::WO-00031,REFERS_TO,ASSET::STS-U1-TB-BRG2,work_orders.csv
WO::WO-00032,REFERS_TO,ASSET::STS-U1-IDF-A,work_orders.csv
WO::WO-00033,REFERS_TO,ASSET::STS-U1-IDF-A,work_orders.csv
WO::WO-00033,LINKED_TO,EVENT::EVT-DRAFT-20230403-04,work_orders.csv
WO::WO-00034,REFERS_TO,ASSET::STS-U1-TB-BRG2,work_orders.csv
WO::WO-00035,REFERS_TO,ASSET::STS-U1-IDF-A,work_orders.csv
WO::WO-00035,LINKED_TO,EVENT::EVT-DRAFT-20240408-14,work_orders.csv
WO::WO-00036,REFERS_TO,ASSET::STS-U1-TB-BRG2,work_orders.csv
WO::WO-00037,REFERS_TO,ASSET::STS-U1-MILL-3,work_orders.csv
WO::WO-00037,LINKED_TO,EVENT::EVT-2024-07-WETCOAL,work_orders.csv
WO::WO-00038,REFERS_TO,ASSET::STS-U1-IDF-A,work_orders.csv
WO::WO-00038,LINKED_TO,EVENT::EVT-DRAFT-20241130-25,work_orders.csv
WO::WO-00039,REFERS_TO,ASSET::STS-U1-TB-BRG2,work_orders.csv
WO::WO-00039,LINKED_TO,EVENT::EVT-2024-02-TB-VIB,work_orders.csv
WO::WO-00040,REFERS_TO,ASSET::STS-U1-IDF-A,work_orders.csv
WO::WO-00040,LINKED_TO,EVENT::EVT-DRAFT-20240724-21,work_orders.csv
WO::WO-00041,REFERS_TO,ASSET::STS-U1-IDF-A,work_orders.csv
WO::WO-00041,LINKED_TO,EVENT::EVT-DRAFT-20230524-06,work_orders.csv
WO::WO-00042,REFERS_TO,ASSET::STS-U1-IDF-A,work_orders.csv
WO::WO-00042,LINKED_TO,EVENT::EVT-DRAFT-20231108-09,work_orders.csv
WO::WO-00043,REFERS_TO,ASSET::STS-U1-IDF-A,work_orders.csv
WO::WO-00044,REFERS_TO,ASSET::STS-U1-IDF-A,work_orders.csv
WO::WO-00044,LINKED_TO,EVENT::EVT-DRAFT-20231123-10,work_orders.csv
WO::WO-00045,REFERS_TO,ASSET::STS-U1-IDF-A,work_orders.csv
WO::WO-00045,LINKED_TO,EVENT::EVT-DRAFT-20240612-18,work_orders.csv
WO::WO-00046,REFERS_TO,ASSET::STS-U1-CWP-2,work_orders.csv
WO::WO-00047,REFERS_TO,ASSET::STS-U1-TB-BRG2,work_orders.csv
WO::WO-00048,REFERS_TO,ASSET::STS-U1-IDF-A,work_orders.csv
WO::WO-00048,LINKED_TO,EVENT::EVT-DRAFT-20230524-06,work_orders.csv
WO::WO-00049,REFERS_TO,ASSET::STS-U1-IDF-A,work_orders.csv
WO::WO-00049,LINKED_TO,EVENT::EVT-DRAFT-20240701-19,work_orders.csv
WO::WO-00050,REFERS_TO,ASSET::STS-U1-MILL-3,work_orders.csv
WO::WO-00050,LINKED_TO,EVENT::EVT-2023-07-WETCOAL,work_orders.csv
WO::WO-00051,REFERS_TO,ASSET::STS-U1-IDF-A,work_orders.csv
WO::WO-00051,LINKED_TO,EVENT::EVT-DRAFT-20231230-11,work_orders.csv
WO::WO-00052,REFERS_TO,ASSET::STS-U1-IDF-A,work_orders.csv
WO::WO-00052,LINKED_TO,EVENT::EVT-DRAFT-20230524-06,work_orders.csv
WO::WO-00053,REFERS_TO,ASSET::STS-U1-IDF-A,work_orders.csv
WO::WO-00053,LINKED_TO,EVENT::EVT-DRAFT-20240408-14,work_orders.csv
WO::WO-00054,REFERS_TO,ASSET::STS-U1-IDF-A,work_orders.csv
WO::WO-00054,LINKED_TO,EVENT::EVT-DRAFT-20231108-09,work_orders.csv
WO::WO-00055,REFERS_TO,ASSET::STS-U1-IDF-A,work_orders.csv
WO::WO-00055,LINKED_TO,EVENT::EVT-DRAFT-20230927-07,work_orders.csv
WO::WO-00056,REFERS_TO,ASSET::STS-U1-IDF-A,work_orders.csv
WO::WO-00056,LINKED_TO,EVENT::EVT-DRAFT-20230309-03,work_orders.csv
WO::WO-00057,REFERS_TO,ASSET::STS-U1-IDF-A,work_orders.csv
WO::WO-00057,LINKED_TO,EVENT::EVT-DRAFT-20231230-11,work_orders.csv
WO::WO-00058,REFERS_TO,ASSET::STS-U1-CWP-2,work_orders.csv
WO::WO-00059,REFERS_TO,ASSET::STS-U1-APH-1,work_orders.csv
WO::WO-00060,REFERS_TO,ASSET::STS-U1-CTF-BANK1,work_orders.csv
WO::WO-00060,LINKED_TO,EVENT::EVT-2024-09-PM2,work_orders.csv
WO::WO-00061,REFERS_TO,ASSET::STS-U1-CWP-2,work_orders.csv
WO::WO-00061,LINKED_TO,EVENT::EVT-2024-03-CW-CONSTR,work_orders.csv
WO::WO-00062,REFERS_TO,ASSET::STS-U1-IDF-A,work_orders.csv
WO::WO-00062,LINKED_TO,EVENT::EVT-DRAFT-20230309-03,work_orders.csv
WO::WO-00063,REFERS_TO,ASSET::STS-U1-IDF-A,work_orders.csv
WO::WO-00063,LINKED_TO,EVENT::EVT-DRAFT-20241106-24,work_orders.csv
WO::WO-00064,REFERS_TO,ASSET::STS-U1-APH-1,work_orders.csv
WO::WO-00065,REFERS_TO,ASSET::STS-U1-MILL-3,work_orders.csv
WO::WO-00066,REFERS_TO,ASSET::STS-U1-IDF-A,work_orders.csv
WO::WO-00066,LINKED_TO,EVENT::EVT-DRAFT-20240531-17,work_orders.csv
WO::WO-00067,REFERS_TO,ASSET::STS-U1-IDF-A,work_orders.csv
WO::WO-00067,LINKED_TO,EVENT::EVT-DRAFT-20240830-22,work_orders.csv
WO::WO-00068,REFERS_TO,ASSET::STS-U1-IDF-A,work_orders.csv
WO::WO-00068,LINKED_TO,EVENT::EVT-DRAFT-20230524-06,work_orders.csv
WO::WO-00069,REFERS_TO,ASSET::STS-U1-CTF-BANK1,work_orders.csv
WO::WO-00069,LINKED_TO,EVENT::EVT-2024-06-AUXDRIFT,work_orders.csv
WO::WO-00070,REFERS_TO,ASSET::STS-U1-IDF-A,work_orders.csv
WO::WO-00070,LINKED_TO,EVENT::EVT-DRAFT-20240531-17,work_orders.csv
WO::WO-00071,REFERS_TO,ASSET::STS-U1-APH-1,work_orders.csv
WO::WO-00072,REFERS_TO,ASSET::STS-U1-TB-BRG2,work_orders.csv
WO::WO-00073,REFERS_TO,ASSET::STS-U1-IDF-A,work_orders.csv
WO::WO-00073,LINKED_TO,EVENT::EVT-DRAFT-20240902-23,work_orders.csv
WO::WO-00074,REFERS_TO,ASSET::STS-U1-MILL-3,work_orders.csv
WO::WO-00075,REFERS_TO,ASSET::STS-U1-CWP-2,work_orders.csv
WO::WO-00075,LINKED_TO,EVENT::EVT-2024-03-CW-CONSTR,work_orders.csv
WO::WO-00076,REFERS_TO,ASSET::STS-U1-IDF-A,work_orders.csv
WO::WO-00076,LINKED_TO,EVENT::EVT-DRAFT-20240415-15,work_orders.csv
WO::WO-00077,REFERS_TO,ASSET::STS-U1-APH-1,work_orders.csv
WO::WO-00078,REFERS_TO,ASSET::STS-U1-IDF-A,work_orders.csv
WO::WO-00078,LINKED_TO,EVENT::EVT-DRAFT-20240701-19,work_orders.csv
WO::WO-00079,REFERS_TO,ASSET::STS-U1-MILL-3,work_orders.csv
WO::WO-00079,LINKED_TO,EVENT::EVT-2023-03-MILLTRIP,work_orders.csv
WO::WO-00080,REFERS_TO,ASSET::STS-U1-IDF-A,work_orders.csv
WO::WO-00081,REFERS_TO,ASSET::STS-U1-MILL-3,work_orders.csv
WO::WO-00081,LINKED_TO,EVENT::EVT-2023-03-MILLTRIP,work_orders.csv
WO::WO-00082,REFERS_TO,ASSET::STS-U1-MILL-3,work_orders.csv
WO::WO-00083,REFERS_TO,ASSET::STS-U1-IDF-A,work_orders.csv
WO::WO-00083,LINKED_TO,EVENT::EVT-DRAFT-20230403-04,work_orders.csv
WO::WO-00084,REFERS_TO,ASSET::STS-U1-IDF-A,work_orders.csv
WO::WO-00085,REFERS_TO,ASSET::STS-U1-IDF-A,work_orders.csv
WO::WO-00085,LINKED_TO,EVENT::EVT-DRAFT-20230403-04,work_orders.csv
WO::WO-00086,REFERS_TO,ASSET::STS-U1-IDF-A,work_orders.csv
WO::WO-00086,LINKED_TO,EVENT::EVT-DRAFT-20240612-18,work_orders.csv
WO::WO-00087,REFERS_TO,ASSET::STS-U1-CWP-2,work_orders.csv
WO::WO-00088,REFERS_TO,ASSET::STS-U1-IDF-A,work_orders.csv
WO::WO-00089,REFERS_TO,ASSET::STS-U1-IDF-A,work_orders.csv
WO::WO-00089,LINKED_TO,EVENT::EVT-DRAFT-20240408-14,work_orders.csv
WO::WO-00090,REFERS_TO,ASSET::STS-U1-IDF-A,work_orders.csv
WO::WO-00090,LINKED_TO,EVENT::EVT-DRAFT-20230305-02,work_orders.csv
WO::WO-00091,REFERS_TO,ASSET::STS-U1-APH-1,work_orders.csv
WO::WO-00092,REFERS_TO,ASSET::STS-U1-IDF-A,work_orders.csv
WO::WO-00092,LINKED_TO,EVENT::EVT-DRAFT-20240106-12,work_orders.csv
WO::WO-00093,REFERS_TO,ASSET::STS-U1-IDF-A,work_orders.csv
WO::WO-00093,LINKED_TO,EVENT::EVT-DRAFT-20230524-06,work_orders.csv
WO::WO-00094,REFERS_TO,ASSET::STS-U1-IDF-A,work_orders.csv
WO::WO-00094,LINKED_TO,EVENT::EVT-DRAFT-20241130-25,work_orders.csv
WO::WO-00095,REFERS_TO,ASSET::STS-U1-IDF-A,work_orders.csv
WO::WO-00095,LINKED_TO,EVENT::EVT-DRAFT-20230403-04,work_orders.csv
WO::WO-00096,REFERS_TO,ASSET::STS-U1-MILL-3,work_orders.csv
WO::WO-00096,LINKED_TO,EVENT::EVT-2023-03-MILLTRIP,work_orders.csv
WO::WO-00097,REFERS_TO,ASSET::STS-U1-MILL-3,work_orders.csv
WO::WO-00098,REFERS_TO,ASSET::STS-U1-IDF-A,work_orders.csv
WO::WO-00098,LINKED_TO,EVENT::EVT-DRAFT-20230513-05,work_orders.csv
WO::WO-00099,REFERS_TO,ASSET::STS-U1-IDF-A,work_orders.csv
WO::WO-00099,LINKED_TO,EVENT::EVT-DRAFT-20240531-17,work_orders.csv
WO::WO-00100,REFERS_TO,ASSET::STS-U1-CTF-BANK1,work_orders.csv
WO::WO-00100,LINKED_TO,EVENT::EVT-2024-09-PM2,work_orders.csv
WO::WO-00101,REFERS_TO,ASSET::STS-U1-MILL-3,work_orders.csv
WO::WO-00101,LINKED_TO,EVENT::EVT-2024-07-WETCOAL,work_orders.csv
WO::WO-00102,REFERS_TO,ASSET::STS-U1-TB-BRG2,work_orders.csv
WO::WO-00103,REFERS_TO,ASSET::STS-U1-IDF-A,work_orders.csv
WO::WO-00103,LINKED_TO,EVENT::EVT-DRAFT-20231123-10,work_orders.csv
WO::WO-00104,REFERS_TO,ASSET::STS-U1-IDF-A,work_orders.csv
WO::WO-00105,REFERS_TO,ASSET::STS-U1-IDF-A,work_orders.csv
WO::WO-00105,LINKED_TO,EVENT::EVT-DRAFT-20230309-03,work_orders.csv
WO::WO-00106,REFERS_TO,ASSET::STS-U1-IDF-A,work_orders.csv
WO::WO-00106,LINKED_TO,EVENT::EVT-DRAFT-20240112-13,work_orders.csv
WO::WO-00107,REFERS_TO,ASSET::STS-U1-MILL-3,work_orders.csv
WO::WO-00107,LINKED_TO,EVENT::EVT-2023-03-MILLTRIP,work_orders.csv
WO::WO-00108,REFERS_TO,ASSET::STS-U1-TB-BRG2,work_orders.csv
WO::WO-00109,REFERS_TO,ASSET::STS-U1-TB-BRG2,work_orders.csv
WO::WO-00110,REFERS_TO,ASSET::STS-U1-APH-1,work_orders.csv
WO::WO-00111,REFERS_TO,ASSET::STS-U1-IDF-A,work_orders.csv
WO::WO-00112,REFERS_TO,ASSET::STS-U1-APH-1,work_orders.csv
WO::WO-00113,REFERS_TO,ASSET::STS-U1-IDF-A,work_orders.csv
WO::WO-00113,LINKED_TO,EVENT::EVT-DRAFT-20240830-22,work_orders.csv
WO::WO-00114,REFERS_TO,ASSET::STS-U1-MILL-3,work_orders.csv
WO::WO-00114,LINKED_TO,EVENT::EVT-2023-07-WETCOAL,work_orders.csv
WO::WO-00115,REFERS_TO,ASSET::STS-U1-IDF-A,work_orders.csv
WO::WO-00115,LINKED_TO,EVENT::EVT-DRAFT-20231108-09,work_orders.csv
WO::WO-00116,REFERS_TO,ASSET::STS-U1-IDF-A,work_orders.csv
WO::WO-00116,LINKED_TO,EVENT::EVT-DRAFT-20240106-12,work_orders.csv
WO::WO-00117,REFERS_TO,ASSET::STS-U1-IDF-A,work_orders.csv
WO::WO-00118,REFERS_TO,ASSET::STS-U1-APH-1,work_orders.csv
WO::WO-00119,REFERS_TO,ASSET::STS-U1-IDF-A,work_orders.csv
WO::WO-00120,REFERS_TO,ASSET::STS-U1-IDF-A,work_orders.csv
WO::WO-00120,LINKED_TO,EVENT::EVT-DRAFT-20230524-06,work_orders.csv
WO::WO-00121,REFERS_TO,ASSET::STS-U1-APH-1,work_orders.csv
WO::WO-00122,REFERS_TO,ASSET::STS-U1-IDF-A,work_orders.csv
WO::WO-00123,REFERS_TO,ASSET::STS-U1-MILL-3,work_orders.csv
WO::WO-00123,LINKED_TO,EVENT::EVT-2024-07-WETCOAL,work_orders.csv
WO::WO-00124,REFERS_TO,ASSET::STS-U1-MILL-3,work_orders.csv
WO::WO-00124,LINKED_TO,EVENT::EVT-2023-07-WETCOAL,work_orders.csv
WO::WO-00125,REFERS_TO,ASSET::STS-U1-IDF-A,work_orders.csv
WO::WO-00125,LINKED_TO,EVENT::EVT-DRAFT-20240408-14,work_orders.csv
WO::WO-00126,REFERS_TO,ASSET::STS-U1-IDF-A,work_orders.csv
WO::WO-00127,REFERS_TO,ASSET::STS-U1-IDF-A,work_orders.csv
WO::WO-00127,LINKED_TO,EVENT::EVT-DRAFT-20241130-25,work_orders.csv
WO::WO-00128,REFERS_TO,ASSET::STS-U1-MILL-3,work_orders.csv
WO::WO-00128,LINKED_TO,EVENT::EVT-2023-07-WETCOAL,work_orders.csv
WO::WO-00129,REFERS_TO,ASSET::STS-U1-IDF-A,work_orders.csv
WO::WO-00130,REFERS_TO,ASSET::STS-U1-IDF-A,work_orders.csv
WO::WO-00130,LINKED_TO,EVENT::EVT-DRAFT-20240612-18,work_orders.csv
WO::WO-00131,REFERS_TO,ASSET::STS-U1-IDF-A,work_orders.csv
WO::WO-00131,LINKED_TO,EVENT::EVT-DRAFT-20240902-23,work_orders.csv
WO::WO-00132,REFERS_TO,ASSET::STS-U1-MILL-3,work_orders.csv
WO::WO-00132,LINKED_TO,EVENT::EVT-2023-03-MILLTRIP,work_orders.csv
WO::WO-00133,REFERS_TO,ASSET::STS-U1-IDF-A,work_orders.csv
WO::WO-00133,LINKED_TO,EVENT::EVT-DRAFT-20240830-22,work_orders.csv
WO::WO-00134,REFERS_TO,ASSET::STS-U1-IDF-A,work_orders.csv
WO::WO-00134,LINKED_TO,EVENT::EVT-DRAFT-20240830-22,work_orders.csv
WO::WO-00135,REFERS_TO,ASSET::STS-U1-IDF-A,work_orders.csv
WO::WO-00135,LINKED_TO,EVENT::EVT-DRAFT-20240512-16,work_orders.csv
WO::WO-00136,REFERS_TO,ASSET::STS-U1-IDF-A,work_orders.csv
WO::WO-00136,LINKED_TO,EVENT::EVT-DRAFT-20240830-22,work_orders.csv
WO::WO-00137,REFERS_TO,ASSET::STS-U1-IDF-A,work_orders.csv
WO::WO-00137,LINKED_TO,EVENT::EVT-DRAFT-20240415-15,work_orders.csv
WO::WO-00138,REFERS_TO,ASSET::STS-U1-CWP-2,work_orders.csv
WO::WO-00139,REFERS_TO,ASSET::STS-U1-IDF-A,work_orders.csv
WO::WO-00139,LINKED_TO,EVENT::EVT-DRAFT-20230305-02,work_orders.csv
WO::WO-00140,REFERS_TO,ASSET::STS-U1-IDF-A,work_orders.csv
WO::WO-00140,LINKED_TO,EVENT::EVT-DRAFT-20231104-08,work_orders.csv
WO::WO-00141,REFERS_TO,ASSET::STS-U1-IDF-A,work_orders.csv
WO::WO-00141,LINKED_TO,EVENT::EVT-DRAFT-20240830-22,work_orders.csv
WO::WO-00142,REFERS_TO,ASSET::STS-U1-IDF-A,work_orders.csv
WO::WO-00142,LINKED_TO,EVENT::EVT-DRAFT-20240512-16,work_orders.csv
WO::WO-00143,REFERS_TO,ASSET::STS-U1-TB-BRG2,work_orders.csv
WO::WO-00144,REFERS_TO,ASSET::STS-U1-IDF-A,work_orders.csv
WO::WO-00144,LINKED_TO,EVENT::EVT-DRAFT-20240902-23,work_orders.csv
WO::WO-00145,REFERS_TO,ASSET::STS-U1-IDF-A,work_orders.csv
WO::WO-00145,LINKED_TO,EVENT::EVT-DRAFT-20240902-23,work_orders.csv
WO::WO-00146,REFERS_TO,ASSET::STS-U1-IDF-A,work_orders.csv
WO::WO-00146,LINKED_TO,EVENT::EVT-DRAFT-20230513-05,work_orders.csv
WO::WO-00147,REFERS_TO,ASSET::STS-U1-IDF-A,work_orders.csv
WO::WO-00147,LINKED_TO,EVENT::EVT-DRAFT-20231104-08,work_orders.csv
WO::WO-00148,REFERS_TO,ASSET::STS-U1-IDF-A,work_orders.csv
WO::WO-00148,LINKED_TO,EVENT::EVT-DRAFT-20230513-05,work_orders.csv
WO::WO-00149,REFERS_TO,ASSET::STS-U1-IDF-A,work_orders.csv
WO::WO-00149,LINKED_TO,EVENT::EVT-DRAFT-20240512-16,work_orders.csv
WO::WO-00150,REFERS_TO,ASSET::STS-U1-IDF-A,work_orders.csv
WO::WO-00150,LINKED_TO,EVENT::EVT-DRAFT-20231230-11,work_orders.csv
WO::WO-00151,REFERS_TO,ASSET::STS-U1-CWP-2,work_orders.csv
WO::WO-00151,LINKED_TO,EVENT::EVT-2024-03-CW-CONSTR,work_orders.csv
WO::WO-00152,REFERS_TO,ASSET::STS-U1-TB-BRG2,work_orders.csv
WO::WO-00152,LINKED_TO,EVENT::EVT-2024-02-TB-VIB,work_orders.csv
WO::WO-00153,REFERS_TO,ASSET::STS-U1-CWP-2,work_orders.csv
WO::WO-00153,LINKED_TO,EVENT::EVT-2024-03-CW-CONSTR,work_orders.csv
WO::WO-00154,REFERS_TO,ASSET::STS-U1-IDF-A,work_orders.csv
WO::WO-00154,LINKED_TO,EVENT::EVT-DRAFT-20240112-13,work_orders.csv
WO::WO-00155,REFERS_TO,ASSET::STS-U1-IDF-A,work_orders.csv
WO::WO-00156,REFERS_TO,ASSET::STS-U1-IDF-A,work_orders.csv
WO::WO-00156,LINKED_TO,EVENT::EVT-DRAFT-20230303-01,work_orders.csv
WO::WO-00157,REFERS_TO,ASSET::STS-U1-IDF-A,work_orders.csv
WO::WO-00157,LINKED_TO,EVENT::EVT-DRAFT-20240531-17,work_orders.csv
WO::WO-00158,REFERS_TO,ASSET::STS-U1-IDF-A,work_orders.csv
WO::WO-00158,LINKED_TO,EVENT::EVT-DRAFT-20240830-22,work_orders.csv
WO::WO-00159,REFERS_TO,ASSET::STS-U1-IDF-A,work_orders.csv
WO::WO-00159,LINKED_TO,EVENT::EVT-DRAFT-20230309-03,work_orders.csv
WO::WO-00160,REFERS_TO,ASSET::STS-U1-IDF-A,work_orders.csv
WO::WO-00160,LINKED_TO,EVENT::EVT-DRAFT-20230305-02,work_orders.csv
WO::WO-00161,REFERS_TO,ASSET::STS-U1-IDF-A,work_orders.csv
WO::WO-00161,LINKED_TO,EVENT::EVT-DRAFT-20240701-19,work_orders.csv
WO::WO-00162,REFERS_TO,ASSET::STS-U1-IDF-A,work_orders.csv
WO::WO-00162,LINKED_TO,EVENT::EVT-DRAFT-20241130-25,work_orders.csv
WO::WO-00163,REFERS_TO,ASSET::STS-U1-MILL-3,work_orders.csv
WO::WO-00163,LINKED_TO,EVENT::EVT-2023-03-MILLTRIP,work_orders.csv
WO::WO-00164,REFERS_TO,ASSET::STS-U1-IDF-A,work_orders.csv
WO::WO-00164,LINKED_TO,EVENT::EVT-DRAFT-20240830-22,work_orders.csv
WO::WO-00165,REFERS_TO,ASSET::STS-U1-CWP-2,work_orders.csv
WO::WO-00166,REFERS_TO,ASSET::STS-U1-IDF-A,work_orders.csv
WO::WO-00167,REFERS_TO,ASSET::STS-U1-IDF-A,work_orders.csv
WO::WO-00167,LINKED_TO,EVENT::EVT-DRAFT-20241219-26,work_orders.csv
WO::WO-00168,REFERS_TO,ASSET::STS-U1-IDF-A,work_orders.csv
WO::WO-00168,LINKED_TO,EVENT::EVT-DRAFT-20240902-23,work_orders.csv
WO::WO-00169,REFERS_TO,ASSET::STS-U1-APH-1,work_orders.csv
WO::WO-00170,REFERS_TO,ASSET::STS-U1-TB-BRG2,work_orders.csv
WO::WO-00171,REFERS_TO,ASSET::STS-U1-APH-1,work_orders.csv
WO::WO-00172,REFERS_TO,ASSET::STS-U1-MILL-3,work_orders.csv
WO::WO-00172,LINKED_TO,EVENT::EVT-2024-07-WETCOAL,work_orders.csv
WO::WO-00173,REFERS_TO,ASSET::STS-U1-TB-BRG2,work_orders.csv
WO::WO-00173,LINKED_TO,EVENT::EVT-2024-02-TB-VIB,work_orders.csv
WO::WO-00174,REFERS_TO,ASSET::STS-U1-TB-BRG2,work_orders.csv
WO::WO-00174,LINKED_TO,EVENT::EVT-2024-02-TB-VIB,work_orders.csv
WO::WO-00175,REFERS_TO,ASSET::STS-U1-IDF-A,work_orders.csv
WO::WO-00175,LINKED_TO,EVENT::EVT-DRAFT-20240531-17,work_orders.csv
WO::WO-00176,REFERS_TO,ASSET::STS-U1-IDF-A,work_orders.csv
WO::WO-00176,LINKED_TO,EVENT::EVT-DRAFT-20240701-19,work_orders.csv
WO::WO-00177,REFERS_TO,ASSET::STS-U1-MILL-3,work_orders.csv
WO::WO-00178,REFERS_TO,ASSET::STS-U1-IDF-A,work_orders.csv
WO::WO-00178,LINKED_TO,EVENT::EVT-DRAFT-20231230-11,work_orders.csv
WO::WO-00179,REFERS_TO,ASSET::STS-U1-CWP-2,work_orders.csv
WO::WO-00180,REFERS_TO,ASSET::STS-U1-IDF-A,work_orders.csv
WO::WO-00180,LINKED_TO,EVENT::EVT-DRAFT-20240902-23,work_orders.csv
WO::WO-00181,REFERS_TO,ASSET::STS-U1-IDF-A,work_orders.csv
WO::WO-00181,LINKED_TO,EVENT::EVT-DRAFT-20240720-20,work_orders.csv
WO::WO-00182,REFERS_TO,ASSET::STS-U1-MILL-3,work_orders.csv
WO::WO-00182,LINKED_TO,EVENT::EVT-2024-07-WETCOAL,work_orders.csv
WO::WO-00183,REFERS_TO,ASSET::STS-U1-IDF-A,work_orders.csv
WO::WO-00183,LINKED_TO,EVENT::EVT-DRAFT-20230309-03,work_orders.csv
WO::WO-00184,REFERS_TO,ASSET::STS-U1-IDF-A,work_orders.csv
WO::WO-00184,LINKED_TO,EVENT::EVT-DRAFT-20241106-24,work_orders.csv
WO::WO-00185,REFERS_TO,ASSET::STS-U1-IDF-A,work_orders.csv
WO::WO-00185,LINKED_TO,EVENT::EVT-DRAFT-20231104-08,work_orders.csv
WO::WO-00186,REFERS_TO,ASSET::STS-U1-APH-1,work_orders.csv
WO::WO-00187,REFERS_TO,ASSET::STS-U1-IDF-A,work_orders.csv
WO::WO-00187,LINKED_TO,EVENT::EVT-DRAFT-20230303-01,work_orders.csv
WO::WO-00188,REFERS_TO,ASSET::STS-U1-TB-BRG2,work_orders.csv
WO::WO-00189,REFERS_TO,ASSET::STS-U1-SH-OUT,work_orders.csv
WO::WO-00189,LINKED_TO,EVENT::EVT-2023-09-PM1,work_orders.csv
WO::WO-00190,REFERS_TO,ASSET::STS-U1-IDF-A,work_orders.csv
WO::WO-00190,LINKED_TO,EVENT::EVT-DRAFT-20241106-24,work_orders.csv
WO::WO-00191,REFERS_TO,ASSET::STS-U1-IDF-A,work_orders.csv
WO::WO-00191,LINKED_TO,EVENT::EVT-DRAFT-20231108-09,work_orders.csv
WO::WO-00192,REFERS_TO,ASSET::STS-U1-APH-1,work_orders.csv
WO::WO-00193,REFERS_TO,ASSET::STS-U1-IDF-A,work_orders.csv
WO::WO-00193,LINKED_TO,EVENT::EVT-DRAFT-20240112-13,work_orders.csv
WO::WO-00194,REFERS_TO,ASSET::STS-U1-MILL-3,work_orders.csv
WO::WO-00195,REFERS_TO,ASSET::STS-U1-CWP-2,work_orders.csv
WO::WO-00196,REFERS_TO,ASSET::STS-U1-CTF-BANK1,work_orders.csv
WO::WO-00196,LINKED_TO,EVENT::EVT-2024-09-PM2,work_orders.csv
WO::WO-00197,REFERS_TO,ASSET::STS-U1-CWP-2,work_orders.csv
WO::WO-00198,REFERS_TO,ASSET::STS-U1-IDF-A,work_orders.csv
WO::WO-00198,LINKED_TO,EVENT::EVT-DRAFT-20231108-09,work_orders.csv
WO::WO-00199,REFERS_TO,ASSET::STS-U1-IDF-A,work_orders.csv
WO::WO-00200,REFERS_TO,ASSET::STS-U1-APH-1,work_orders.csv
WO::WO-00201,REFERS_TO,ASSET::STS-U1-IDF-A,work_orders.csv
WO::WO-00201,LINKED_TO,EVENT::EVT-DRAFT-20240612-18,work_orders.csv
WO::WO-00202,REFERS_TO,ASSET::STS-U1-TB-BRG2,work_orders.csv
WO::WO-00203,REFERS_TO,ASSET::STS-U1-IDF-A,work_orders.csv
WO::WO-00203,LINKED_TO,EVENT::EVT-DRAFT-20240415-15,work_orders.csv
WO::WO-00204,REFERS_TO,ASSET::STS-U1-IDF-A,work_orders.csv
WO::WO-00204,LINKED_TO,EVENT::EVT-DRAFT-20240902-23,work_orders.csv
WO::WO-00205,REFERS_TO,ASSET::STS-U1-TB-BRG2,work_orders.csv
WO::WO-00205,LINKED_TO,EVENT::EVT-2023-02-TB-VIB,work_orders.csv
WO::WO-00206,REFERS_TO,ASSET::STS-U1-CWP-2,work_orders.csv
WO::WO-00207,REFERS_TO,ASSET::STS-U1-SH-OUT,work_orders.csv
WO::WO-00207,LINKED_TO,EVENT::EVT-2023-05-TUBELEAK,work_orders.csv
WO::WO-00208,REFERS_TO,ASSET::STS-U1-IDF-A,work_orders.csv
WO::WO-00208,LINKED_TO,EVENT::EVT-DRAFT-20230303-01,work_orders.csv
WO::WO-00209,REFERS_TO,ASSET::STS-U1-CTF-BANK1,work_orders.csv
WO::WO-00209,LINKED_TO,EVENT::EVT-2024-06-AUXDRIFT,work_orders.csv
WO::WO-00210,REFERS_TO,ASSET::STS-U1-IDF-A,work_orders.csv
WO::WO-00211,REFERS_TO,ASSET::STS-U1-TB-BRG2,work_orders.csv
WO::WO-00212,REFERS_TO,ASSET::STS-U1-IDF-A,work_orders.csv
WO::WO-00212,LINKED_TO,EVENT::EVT-DRAFT-20240701-19,work_orders.csv
WO::WO-00213,REFERS_TO,ASSET::STS-U1-IDF-A,work_orders.csv
WO::WO-00213,LINKED_TO,EVENT::EVT-DRAFT-20231230-11,work_orders.csv
WO::WO-00214,REFERS_TO,ASSET::STS-U1-IDF-A,work_orders.csv
WO::WO-00214,LINKED_TO,EVENT::EVT-DRAFT-20230309-03,work_orders.csv
WO::WO-00215,REFERS_TO,ASSET::STS-U1-CWP-2,work_orders.csv
WO::WO-00216,REFERS_TO,ASSET::STS-U1-MILL-3,work_orders.csv
WO::WO-00217,REFERS_TO,ASSET::STS-U1-IDF-A,work_orders.csv
WO::WO-00218,REFERS_TO,ASSET::STS-U1-APH-1,work_orders.csv
WO::WO-00219,REFERS_TO,ASSET::STS-U1-IDF-A,work_orders.csv
WO::WO-00219,LINKED_TO,EVENT::EVT-DRAFT-20231230-11,work_orders.csv
WO::WO-00220,REFERS_TO,ASSET::STS-U1-TB-BRG2,work_orders.csv
WO::WO-00220,LINKED_TO,EVENT::EVT-2024-02-TB-VIB,work_orders.csv
LOG::LOG-00001,MENTIONS,ASSET::STS-U1-IDF-A,shift_logs.csv
LOG::LOG-00001,LINKED_TO,EVENT::EVT-DRAFT-20240112-13,shift_logs.csv
LOG::LOG-00002,MENTIONS,ASSET::STS-U1-IDF-A,shift_logs.csv
LOG::LOG-00002,LINKED_TO,EVENT::EVT-DRAFT-20241219-26,shift_logs.csv
LOG::LOG-00003,MENTIONS,ASSET::STS-U1-TB-BRG2,shift_logs.csv
LOG::LOG-00004,MENTIONS,ASSET::STS-U1-IDF-A,shift_logs.csv
LOG::LOG-00004,LINKED_TO,EVENT::EVT-DRAFT-20240612-18,shift_logs.csv
LOG::LOG-00005,MENTIONS,ASSET::STS-U1-IDF-A,shift_logs.csv
LOG::LOG-00005,LINKED_TO,EVENT::EVT-DRAFT-20230403-04,shift_logs.csv
LOG::LOG-00006,MENTIONS,ASSET::STS-U1-BOI-FURNACE,shift_logs.csv
LOG::LOG-00007,MENTIONS,ASSET::STS-U1-IDF-A,shift_logs.csv
LOG::LOG-00007,LINKED_TO,EVENT::EVT-DRAFT-20230403-04,shift_logs.csv
LOG::LOG-00008,MENTIONS,ASSET::STS-U1-CND,shift_logs.csv
LOG::LOG-00009,MENTIONS,ASSET::STS-U1-TB-BRG2,shift_logs.csv
LOG::LOG-00010,MENTIONS,ASSET::STS-U1-IDF-A,shift_logs.csv
LOG::LOG-00010,LINKED_TO,EVENT::EVT-DRAFT-20230524-06,shift_logs.csv
LOG::LOG-00011,MENTIONS,ASSET::STS-U1-IDF-A,shift_logs.csv
LOG::LOG-00011,LINKED_TO,EVENT::EVT-DRAFT-20240720-20,shift_logs.csv
LOG::LOG-00012,MENTIONS,ASSET::STS-U1-IDF-A,shift_logs.csv
LOG::LOG-00013,MENTIONS,ASSET::STS-U1-IDF-A,shift_logs.csv
LOG::LOG-00013,LINKED_TO,EVENT::EVT-DRAFT-20240415-15,shift_logs.csv
LOG::LOG-00014,MENTIONS,ASSET::STS-U1-MILL-3,shift_logs.csv
LOG::LOG-00015,MENTIONS,ASSET::STS-U1-SH-OUT,shift_logs.csv
LOG::LOG-00015,LINKED_TO,EVENT::EVT-2023-09-PM1,shift_logs.csv
LOG::LOG-00016,MENTIONS,ASSET::STS-U1-BOI-FURNACE,shift_logs.csv
LOG::LOG-00017,MENTIONS,ASSET::STS-U1-IDF-A,shift_logs.csv
LOG::LOG-00017,LINKED_TO,EVENT::EVT-DRAFT-20231104-08,shift_logs.csv
LOG::LOG-00018,MENTIONS,ASSET::STS-U1-IDF-A,shift_logs.csv
LOG::LOG-00019,MENTIONS,ASSET::STS-U1-MILL-3,shift_logs.csv
LOG::LOG-00020,MENTIONS,ASSET::STS-U1-BOI-FURNACE,shift_logs.csv
LOG::LOG-00021,MENTIONS,ASSET::STS-U1-IDF-A,shift_logs.csv
LOG::LOG-00021,LINKED_TO,EVENT::EVT-DRAFT-20241106-24,shift_logs.csv
LOG::LOG-00022,MENTIONS,ASSET::STS-U1-IDF-A,shift_logs.csv
LOG::LOG-00022,LINKED_TO,EVENT::EVT-DRAFT-20230305-02,shift_logs.csv
LOG::LOG-00023,MENTIONS,ASSET::STS-U1-TB-BRG2,shift_logs.csv
LOG::LOG-00024,MENTIONS,ASSET::STS-U1-IDF-A,shift_logs.csv
LOG::LOG-00024,LINKED_TO,EVENT::EVT-DRAFT-20240112-13,shift_logs.csv
LOG::LOG-00025,MENTIONS,ASSET::STS-U1-BOI-FURNACE,shift_logs.csv
LOG::LOG-00026,MENTIONS,ASSET::STS-U1-SH-OUT,shift_logs.csv
LOG::LOG-00026,LINKED_TO,EVENT::EVT-2023-05-TUBELEAK,shift_logs.csv
LOG::LOG-00027,MENTIONS,ASSET::STS-U1-IDF-A,shift_logs.csv
LOG::LOG-00027,LINKED_TO,EVENT::EVT-DRAFT-20241219-26,shift_logs.csv
LOG::LOG-00028,MENTIONS,ASSET::STS-U1-IDF-A,shift_logs.csv
LOG::LOG-00028,LINKED_TO,EVENT::EVT-DRAFT-20240512-16,shift_logs.csv
LOG::LOG-00029,MENTIONS,ASSET::STS-U1-MILL-3,shift_logs.csv
LOG::LOG-00030,MENTIONS,ASSET::STS-U1-BOI-FURNACE,shift_logs.csv
LOG::LOG-00031,MENTIONS,ASSET::STS-U1-IDF-A,shift_logs.csv
LOG::LOG-00031,LINKED_TO,EVENT::EVT-DRAFT-20230303-01,shift_logs.csv
LOG::LOG-00032,MENTIONS,ASSET::STS-U1-IDF-A,shift_logs.csv
LOG::LOG-00032,LINKED_TO,EVENT::EVT-DRAFT-20230513-05,shift_logs.csv
LOG::LOG-00033,MENTIONS,ASSET::STS-U1-IDF-A,shift_logs.csv
LOG::LOG-00033,LINKED_TO,EVENT::EVT-DRAFT-20231123-10,shift_logs.csv
LOG::LOG-00034,MENTIONS,ASSET::STS-U1-IDF-A,shift_logs.csv
LOG::LOG-00034,LINKED_TO,EVENT::EVT-DRAFT-20240408-14,shift_logs.csv
LOG::LOG-00035,MENTIONS,ASSET::STS-U1-BOI-FURNACE,shift_logs.csv
LOG::LOG-00036,MENTIONS,ASSET::STS-U1-IDF-A,shift_logs.csv
LOG::LOG-00036,LINKED_TO,EVENT::EVT-DRAFT-20230927-07,shift_logs.csv
LOG::LOG-00037,MENTIONS,ASSET::STS-U1-MILL-3,shift_logs.csv
LOG::LOG-00038,MENTIONS,ASSET::STS-U1-IDF-A,shift_logs.csv
LOG::LOG-00038,LINKED_TO,EVENT::EVT-DRAFT-20230403-04,shift_logs.csv
LOG::LOG-00039,MENTIONS,ASSET::STS-U1-BOI-FURNACE,shift_logs.csv
LOG::LOG-00040,MENTIONS,ASSET::STS-U1-IDF-A,shift_logs.csv
LOG::LOG-00040,LINKED_TO,EVENT::EVT-DRAFT-20230513-05,shift_logs.csv
LOG::LOG-00041,MENTIONS,ASSET::STS-U1-CND,shift_logs.csv
LOG::LOG-00042,MENTIONS,ASSET::STS-U1-IDF-A,shift_logs.csv
LOG::LOG-00042,LINKED_TO,EVENT::EVT-DRAFT-20230524-06,shift_logs.csv
LOG::LOG-00043,MENTIONS,ASSET::STS-U1-TB-BRG2,shift_logs.csv
LOG::LOG-00044,MENTIONS,ASSET::STS-U1-MILL-3,shift_logs.csv
LOG::LOG-00045,MENTIONS,ASSET::STS-U1-IDF-A,shift_logs.csv
LOG::LOG-00045,LINKED_TO,EVENT::EVT-DRAFT-20240415-15,shift_logs.csv
LOG::LOG-00046,MENTIONS,ASSET::STS-U1-MILL-3,shift_logs.csv
LOG::LOG-00046,LINKED_TO,EVENT::EVT-2023-07-WETCOAL,shift_logs.csv
LOG::LOG-00047,MENTIONS,ASSET::STS-U1-BOI-FURNACE,shift_logs.csv
LOG::LOG-00048,MENTIONS,ASSET::STS-U1-IDF-A,shift_logs.csv
LOG::LOG-00048,LINKED_TO,EVENT::EVT-DRAFT-20230303-01,shift_logs.csv
LOG::LOG-00049,MENTIONS,ASSET::STS-U1-IDF-A,shift_logs.csv
LOG::LOG-00049,LINKED_TO,EVENT::EVT-DRAFT-20231230-11,shift_logs.csv
LOG::LOG-00050,MENTIONS,ASSET::STS-U1-TB-BRG2,shift_logs.csv
LOG::LOG-00051,MENTIONS,ASSET::STS-U1-IDF-A,shift_logs.csv
LOG::LOG-00051,LINKED_TO,EVENT::EVT-DRAFT-20241130-25,shift_logs.csv
LOG::LOG-00052,MENTIONS,ASSET::STS-U1-MILL-3,shift_logs.csv
LOG::LOG-00053,MENTIONS,ASSET::STS-U1-CND,shift_logs.csv
LOG::LOG-00054,MENTIONS,ASSET::STS-U1-IDF-A,shift_logs.csv
LOG::LOG-00054,LINKED_TO,EVENT::EVT-DRAFT-20241130-25,shift_logs.csv
LOG::LOG-00055,MENTIONS,ASSET::STS-U1-MILL-3,shift_logs.csv
LOG::LOG-00056,MENTIONS,ASSET::STS-U1-CND,shift_logs.csv
LOG::LOG-00057,MENTIONS,ASSET::STS-U1-MILL-3,shift_logs.csv
LOG::LOG-00058,MENTIONS,ASSET::STS-U1-IDF-A,shift_logs.csv
LOG::LOG-00058,LINKED_TO,EVENT::EVT-DRAFT-20240512-16,shift_logs.csv
LOG::LOG-00059,MENTIONS,ASSET::STS-U1-MILL-3,shift_logs.csv
LOG::LOG-00060,MENTIONS,ASSET::STS-U1-CND,shift_logs.csv
LOG::LOG-00061,MENTIONS,ASSET::STS-U1-IDF-A,shift_logs.csv
LOG::LOG-00061,LINKED_TO,EVENT::EVT-DRAFT-20230305-02,shift_logs.csv
LOG::LOG-00062,MENTIONS,ASSET::STS-U1-IDF-A,shift_logs.csv
LOG::LOG-00062,LINKED_TO,EVENT::EVT-DRAFT-20230927-07,shift_logs.csv
LOG::LOG-00063,MENTIONS,ASSET::STS-U1-TB-BRG2,shift_logs.csv
LOG::LOG-00064,MENTIONS,ASSET::STS-U1-IDF-A,shift_logs.csv
LOG::LOG-00064,LINKED_TO,EVENT::EVT-DRAFT-20230513-05,shift_logs.csv
LOG::LOG-00065,MENTIONS,ASSET::STS-U1-IDF-A,shift_logs.csv
LOG::LOG-00065,LINKED_TO,EVENT::EVT-DRAFT-20240830-22,shift_logs.csv
LOG::LOG-00066,MENTIONS,ASSET::STS-U1-IDF-A,shift_logs.csv
LOG::LOG-00067,MENTIONS,ASSET::STS-U1-MILL-3,shift_logs.csv
LOG::LOG-00067,LINKED_TO,EVENT::EVT-2023-07-WETCOAL,shift_logs.csv
LOG::LOG-00068,MENTIONS,ASSET::STS-U1-IDF-A,shift_logs.csv
LOG::LOG-00069,MENTIONS,ASSET::STS-U1-TB-BRG2,shift_logs.csv
LOG::LOG-00070,MENTIONS,ASSET::STS-U1-IDF-A,shift_logs.csv
LOG::LOG-00070,LINKED_TO,EVENT::EVT-DRAFT-20230513-05,shift_logs.csv
LOG::LOG-00071,MENTIONS,ASSET::STS-U1-IDF-A,shift_logs.csv
LOG::LOG-00071,LINKED_TO,EVENT::EVT-DRAFT-20231104-08,shift_logs.csv
LOG::LOG-00072,MENTIONS,ASSET::STS-U1-IDF-A,shift_logs.csv
LOG::LOG-00072,LINKED_TO,EVENT::EVT-DRAFT-20231230-11,shift_logs.csv
LOG::LOG-00073,MENTIONS,ASSET::STS-U1-TB-BRG2,shift_logs.csv
LOG::LOG-00074,MENTIONS,ASSET::STS-U1-IDF-A,shift_logs.csv
LOG::LOG-00074,LINKED_TO,EVENT::EVT-DRAFT-20240612-18,shift_logs.csv
LOG::LOG-00075,MENTIONS,ASSET::STS-U1-IDF-A,shift_logs.csv
LOG::LOG-00075,LINKED_TO,EVENT::EVT-DRAFT-20240112-13,shift_logs.csv
LOG::LOG-00076,MENTIONS,ASSET::STS-U1-IDF-A,shift_logs.csv
LOG::LOG-00076,LINKED_TO,EVENT::EVT-DRAFT-20230927-07,shift_logs.csv
LOG::LOG-00077,MENTIONS,ASSET::STS-U1-MILL-3,shift_logs.csv
LOG::LOG-00078,MENTIONS,ASSET::STS-U1-IDF-A,shift_logs.csv
LOG::LOG-00078,LINKED_TO,EVENT::EVT-DRAFT-20240408-14,shift_logs.csv
LOG::LOG-00079,MENTIONS,ASSET::STS-U1-IDF-A,shift_logs.csv
LOG::LOG-00079,LINKED_TO,EVENT::EVT-DRAFT-20230303-01,shift_logs.csv
LOG::LOG-00080,MENTIONS,ASSET::STS-U1-TB-BRG2,shift_logs.csv
LOG::LOG-00081,MENTIONS,ASSET::STS-U1-IDF-A,shift_logs.csv
LOG::LOG-00081,LINKED_TO,EVENT::EVT-DRAFT-20240531-17,shift_logs.csv
LOG::LOG-00082,MENTIONS,ASSET::STS-U1-IDF-A,shift_logs.csv
LOG::LOG-00082,LINKED_TO,EVENT::EVT-DRAFT-20240701-19,shift_logs.csv
LOG::LOG-00083,MENTIONS,ASSET::STS-U1-IDF-A,shift_logs.csv
LOG::LOG-00083,LINKED_TO,EVENT::EVT-DRAFT-20240112-13,shift_logs.csv
LOG::LOG-00084,MENTIONS,ASSET::STS-U1-IDF-A,shift_logs.csv
LOG::LOG-00084,LINKED_TO,EVENT::EVT-DRAFT-20231230-11,shift_logs.csv
LOG::LOG-00085,MENTIONS,ASSET::STS-U1-IDF-A,shift_logs.csv
LOG::LOG-00085,LINKED_TO,EVENT::EVT-DRAFT-20230524-06,shift_logs.csv
LOG::LOG-00086,MENTIONS,ASSET::STS-U1-TB-BRG2,shift_logs.csv
LOG::LOG-00087,MENTIONS,ASSET::STS-U1-SH-OUT,shift_logs.csv
LOG::LOG-00087,LINKED_TO,EVENT::EVT-2023-05-TUBELEAK,shift_logs.csv
LOG::LOG-00088,MENTIONS,ASSET::STS-U1-IDF-A,shift_logs.csv
LOG::LOG-00088,LINKED_TO,EVENT::EVT-DRAFT-20230927-07,shift_logs.csv
LOG::LOG-00089,MENTIONS,ASSET::STS-U1-CND,shift_logs.csv
LOG::LOG-00090,MENTIONS,ASSET::STS-U1-TB-BRG2,shift_logs.csv
LOG::LOG-00090,LINKED_TO,EVENT::EVT-2024-02-TB-VIB,shift_logs.csv
LOG::LOG-00091,MENTIONS,ASSET::STS-U1-CND,shift_logs.csv
LOG::LOG-00092,MENTIONS,ASSET::STS-U1-TB-BRG2,shift_logs.csv
LOG::LOG-00093,MENTIONS,ASSET::STS-U1-CWP-2,shift_logs.csv
LOG::LOG-00093,LINKED_TO,EVENT::EVT-2024-03-CW-CONSTR,shift_logs.csv
LOG::LOG-00094,MENTIONS,ASSET::STS-U1-IDF-A,shift_logs.csv
LOG::LOG-00094,LINKED_TO,EVENT::EVT-DRAFT-20230303-01,shift_logs.csv
LOG::LOG-00095,MENTIONS,ASSET::STS-U1-IDF-A,shift_logs.csv
LOG::LOG-00095,LINKED_TO,EVENT::EVT-DRAFT-20231123-10,shift_logs.csv
LOG::LOG-00096,MENTIONS,ASSET::STS-U1-CND,shift_logs.csv
LOG::LOG-00097,MENTIONS,ASSET::STS-U1-IDF-A,shift_logs.csv
LOG::LOG-00097,LINKED_TO,EVENT::EVT-DRAFT-20240112-13,shift_logs.csv
LOG::LOG-00098,MENTIONS,ASSET::STS-U1-CND,shift_logs.csv
LOG::LOG-00099,MENTIONS,ASSET::STS-U1-MILL-3,shift_logs.csv
LOG::LOG-00100,MENTIONS,ASSET::STS-U1-IDF-A,shift_logs.csv
LOG::LOG-00100,LINKED_TO,EVENT::EVT-DRAFT-20240106-12,shift_logs.csv
LOG::LOG-00101,MENTIONS,ASSET::STS-U1-CND,shift_logs.csv
LOG::LOG-00102,MENTIONS,ASSET::STS-U1-IDF-A,shift_logs.csv
LOG::LOG-00103,MENTIONS,ASSET::STS-U1-IDF-A,shift_logs.csv
LOG::LOG-00103,LINKED_TO,EVENT::EVT-DRAFT-20231230-11,shift_logs.csv
LOG::LOG-00104,MENTIONS,ASSET::STS-U1-IDF-A,shift_logs.csv
LOG::LOG-00105,MENTIONS,ASSET::STS-U1-MILL-3,shift_logs.csv
LOG::LOG-00106,MENTIONS,ASSET::STS-U1-IDF-A,shift_logs.csv
LOG::LOG-00106,LINKED_TO,EVENT::EVT-DRAFT-20231230-11,shift_logs.csv
LOG::LOG-00107,MENTIONS,ASSET::STS-U1-BOI-FURNACE,shift_logs.csv
LOG::LOG-00108,MENTIONS,ASSET::STS-U1-TB-BRG2,shift_logs.csv
LOG::LOG-00108,LINKED_TO,EVENT::EVT-2023-02-TB-VIB,shift_logs.csv
LOG::LOG-00109,MENTIONS,ASSET::STS-U1-IDF-A,shift_logs.csv
LOG::LOG-00110,MENTIONS,ASSET::STS-U1-TB-BRG2,shift_logs.csv
LOG::LOG-00111,MENTIONS,ASSET::STS-U1-SH-OUT,shift_logs.csv
LOG::LOG-00111,LINKED_TO,EVENT::EVT-2023-05-TUBELEAK,shift_logs.csv
LOG::LOG-00112,MENTIONS,ASSET::STS-U1-MILL-3,shift_logs.csv
LOG::LOG-00113,MENTIONS,ASSET::STS-U1-BOI-FURNACE,shift_logs.csv
LOG::LOG-00114,MENTIONS,ASSET::STS-U1-IDF-A,shift_logs.csv
LOG::LOG-00115,MENTIONS,ASSET::STS-U1-IDF-A,shift_logs.csv
LOG::LOG-00116,MENTIONS,ASSET::STS-U1-IDF-A,shift_logs.csv
LOG::LOG-00116,LINKED_TO,EVENT::EVT-DRAFT-20230403-04,shift_logs.csv
LOG::LOG-00117,MENTIONS,ASSET::STS-U1-BOI-FURNACE,shift_logs.csv
LOG::LOG-00118,MENTIONS,ASSET::STS-U1-TB-BRG2,shift_logs.csv
LOG::LOG-00119,MENTIONS,ASSET::STS-U1-IDF-A,shift_logs.csv
LOG::LOG-00119,LINKED_TO,EVENT::EVT-DRAFT-20231123-10,shift_logs.csv
LOG::LOG-00120,MENTIONS,ASSET::STS-U1-MILL-3,shift_logs.csv
LOG::LOG-00121,MENTIONS,ASSET::STS-U1-CTF-BANK1,shift_logs.csv
LOG::LOG-00121,LINKED_TO,EVENT::EVT-2024-06-AUXDRIFT,shift_logs.csv
LOG::LOG-00122,MENTIONS,ASSET::STS-U1-IDF-A,shift_logs.csv
LOG::LOG-00122,LINKED_TO,EVENT::EVT-DRAFT-20230309-03,shift_logs.csv
LOG::LOG-00123,MENTIONS,ASSET::STS-U1-IDF-A,shift_logs.csv
LOG::LOG-00123,LINKED_TO,EVENT::EVT-DRAFT-20230305-02,shift_logs.csv
LOG::LOG-00124,MENTIONS,ASSET::STS-U1-IDF-A,shift_logs.csv
LOG::LOG-00124,LINKED_TO,EVENT::EVT-DRAFT-20240408-14,shift_logs.csv
LOG::LOG-00125,MENTIONS,ASSET::STS-U1-IDF-A,shift_logs.csv
LOG::LOG-00125,LINKED_TO,EVENT::EVT-DRAFT-20240415-15,shift_logs.csv
LOG::LOG-00126,MENTIONS,ASSET::STS-U1-CND,shift_logs.csv
LOG::LOG-00127,MENTIONS,ASSET::STS-U1-IDF-A,shift_logs.csv
LOG::LOG-00127,LINKED_TO,EVENT::EVT-DRAFT-20231230-11,shift_logs.csv
LOG::LOG-00128,MENTIONS,ASSET::STS-U1-IDF-A,shift_logs.csv
LOG::LOG-00128,LINKED_TO,EVENT::EVT-DRAFT-20231123-10,shift_logs.csv
LOG::LOG-00129,MENTIONS,ASSET::STS-U1-MILL-3,shift_logs.csv
LOG::LOG-00130,MENTIONS,ASSET::STS-U1-IDF-A,shift_logs.csv
LOG::LOG-00130,LINKED_TO,EVENT::EVT-DRAFT-20230927-07,shift_logs.csv
LOG::LOG-00131,MENTIONS,ASSET::STS-U1-BOI-FURNACE,shift_logs.csv
LOG::LOG-00132,MENTIONS,ASSET::STS-U1-CND,shift_logs.csv
LOG::LOG-00133,MENTIONS,ASSET::STS-U1-IDF-A,shift_logs.csv
LOG::LOG-00133,LINKED_TO,EVENT::EVT-DRAFT-20241219-26,shift_logs.csv
LOG::LOG-00134,MENTIONS,ASSET::STS-U1-SH-OUT,shift_logs.csv
LOG::LOG-00134,LINKED_TO,EVENT::EVT-2023-05-TUBELEAK,shift_logs.csv
LOG::LOG-00135,MENTIONS,ASSET::STS-U1-IDF-A,shift_logs.csv
LOG::LOG-00135,LINKED_TO,EVENT::EVT-DRAFT-20240612-18,shift_logs.csv
LOG::LOG-00136,MENTIONS,ASSET::STS-U1-IDF-A,shift_logs.csv
LOG::LOG-00136,LINKED_TO,EVENT::EVT-DRAFT-20241130-25,shift_logs.csv
LOG::LOG-00137,MENTIONS,ASSET::STS-U1-IDF-A,shift_logs.csv
LOG::LOG-00137,LINKED_TO,EVENT::EVT-DRAFT-20230927-07,shift_logs.csv
LOG::LOG-00138,MENTIONS,ASSET::STS-U1-IDF-A,shift_logs.csv
LOG::LOG-00138,LINKED_TO,EVENT::EVT-DRAFT-20240531-17,shift_logs.csv
LOG::LOG-00139,MENTIONS,ASSET::STS-U1-MILL-3,shift_logs.csv
LOG::LOG-00139,LINKED_TO,EVENT::EVT-2024-07-WETCOAL,shift_logs.csv
LOG::LOG-00140,MENTIONS,ASSET::STS-U1-IDF-A,shift_logs.csv
LOG::LOG-00140,LINKED_TO,EVENT::EVT-DRAFT-20231108-09,shift_logs.csv
LOG::LOG-00141,MENTIONS,ASSET::STS-U1-IDF-A,shift_logs.csv
LOG::LOG-00141,LINKED_TO,EVENT::EVT-DRAFT-20231230-11,shift_logs.csv
LOG::LOG-00142,MENTIONS,ASSET::STS-U1-CND,shift_logs.csv
LOG::LOG-00143,MENTIONS,ASSET::STS-U1-CND,shift_logs.csv
LOG::LOG-00144,MENTIONS,ASSET::STS-U1-TB-BRG2,shift_logs.csv
LOG::LOG-00145,MENTIONS,ASSET::STS-U1-CTF-BANK1,shift_logs.csv
LOG::LOG-00145,LINKED_TO,EVENT::EVT-2024-09-PM2,shift_logs.csv
LOG::LOG-00146,MENTIONS,ASSET::STS-U1-IDF-A,shift_logs.csv
LOG::LOG-00146,LINKED_TO,EVENT::EVT-DRAFT-20230303-01,shift_logs.csv
LOG::LOG-00147,MENTIONS,ASSET::STS-U1-BOI-FURNACE,shift_logs.csv
LOG::LOG-00148,MENTIONS,ASSET::STS-U1-IDF-A,shift_logs.csv
LOG::LOG-00149,MENTIONS,ASSET::STS-U1-IDF-A,shift_logs.csv
LOG::LOG-00149,LINKED_TO,EVENT::EVT-DRAFT-20240512-16,shift_logs.csv
LOG::LOG-00150,MENTIONS,ASSET::STS-U1-IDF-A,shift_logs.csv
LOG::LOG-00150,LINKED_TO,EVENT::EVT-DRAFT-20230305-02,shift_logs.csv
LOG::LOG-00151,MENTIONS,ASSET::STS-U1-IDF-A,shift_logs.csv
LOG::LOG-00151,LINKED_TO,EVENT::EVT-DRAFT-20240408-14,shift_logs.csv
LOG::LOG-00152,MENTIONS,ASSET::STS-U1-IDF-A,shift_logs.csv
LOG::LOG-00152,LINKED_TO,EVENT::EVT-DRAFT-20231104-08,shift_logs.csv
LOG::LOG-00153,MENTIONS,ASSET::STS-U1-IDF-A,shift_logs.csv
LOG::LOG-00153,LINKED_TO,EVENT::EVT-DRAFT-20241106-24,shift_logs.csv
LOG::LOG-00154,MENTIONS,ASSET::STS-U1-IDF-A,shift_logs.csv
LOG::LOG-00154,LINKED_TO,EVENT::EVT-DRAFT-20241219-26,shift_logs.csv
LOG::LOG-00155,MENTIONS,ASSET::STS-U1-IDF-A,shift_logs.csv
LOG::LOG-00155,LINKED_TO,EVENT::EVT-DRAFT-20230524-06,shift_logs.csv
LOG::LOG-00156,MENTIONS,ASSET::STS-U1-IDF-A,shift_logs.csv
LOG::LOG-00156,LINKED_TO,EVENT::EVT-DRAFT-20241130-25,shift_logs.csv
LOG::LOG-00157,MENTIONS,ASSET::STS-U1-IDF-A,shift_logs.csv
LOG::LOG-00157,LINKED_TO,EVENT::EVT-DRAFT-20231108-09,shift_logs.csv
LOG::LOG-00158,MENTIONS,ASSET::STS-U1-CTF-BANK1,shift_logs.csv
LOG::LOG-00158,LINKED_TO,EVENT::EVT-2024-09-PM2,shift_logs.csv
LOG::LOG-00159,MENTIONS,ASSET::STS-U1-IDF-A,shift_logs.csv
LOG::LOG-00159,LINKED_TO,EVENT::EVT-DRAFT-20240408-14,shift_logs.csv
LOG::LOG-00160,MENTIONS,ASSET::STS-U1-SH-OUT,shift_logs.csv
LOG::LOG-00160,LINKED_TO,EVENT::EVT-2023-09-PM1,shift_logs.csv
LOG::LOG-00161,MENTIONS,ASSET::STS-U1-IDF-A,shift_logs.csv
LOG::LOG-00161,LINKED_TO,EVENT::EVT-DRAFT-20240106-12,shift_logs.csv
LOG::LOG-00162,MENTIONS,ASSET::STS-U1-CND,shift_logs.csv
LOG::LOG-00163,MENTIONS,ASSET::STS-U1-TB-BRG2,shift_logs.csv
LOG::LOG-00164,MENTIONS,ASSET::STS-U1-CND,shift_logs.csv
LOG::LOG-00165,MENTIONS,ASSET::STS-U1-MILL-3,shift_logs.csv
LOG::LOG-00165,LINKED_TO,EVENT::EVT-2023-07-WETCOAL,shift_logs.csv
LOG::LOG-00166,MENTIONS,ASSET::STS-U1-TB-BRG2,shift_logs.csv
LOG::LOG-00167,MENTIONS,ASSET::STS-U1-TB-BRG2,shift_logs.csv
LOG::LOG-00168,MENTIONS,ASSET::STS-U1-IDF-A,shift_logs.csv
LOG::LOG-00168,LINKED_TO,EVENT::EVT-DRAFT-20231230-11,shift_logs.csv
LOG::LOG-00169,MENTIONS,ASSET::STS-U1-BOI-FURNACE,shift_logs.csv
LOG::LOG-00170,MENTIONS,ASSET::STS-U1-MILL-3,shift_logs.csv
LOG::LOG-00171,MENTIONS,ASSET::STS-U1-CTF-BANK1,shift_logs.csv
LOG::LOG-00171,LINKED_TO,EVENT::EVT-2024-09-PM2,shift_logs.csv
LOG::LOG-00172,MENTIONS,ASSET::STS-U1-TB-BRG2,shift_logs.csv
LOG::LOG-00173,MENTIONS,ASSET::STS-U1-IDF-A,shift_logs.csv
LOG::LOG-00173,LINKED_TO,EVENT::EVT-DRAFT-20231123-10,shift_logs.csv
LOG::LOG-00174,MENTIONS,ASSET::STS-U1-IDF-A,shift_logs.csv
LOG::LOG-00174,LINKED_TO,EVENT::EVT-DRAFT-20240612-18,shift_logs.csv
LOG::LOG-00175,MENTIONS,ASSET::STS-U1-IDF-A,shift_logs.csv
LOG::LOG-00175,LINKED_TO,EVENT::EVT-DRAFT-20230303-01,shift_logs.csv
LOG::LOG-00176,MENTIONS,ASSET::STS-U1-IDF-A,shift_logs.csv
LOG::LOG-00176,LINKED_TO,EVENT::EVT-DRAFT-20240112-13,shift_logs.csv
LOG::LOG-00177,MENTIONS,ASSET::STS-U1-IDF-A,shift_logs.csv
LOG::LOG-00177,LINKED_TO,EVENT::EVT-DRAFT-20240724-21,shift_logs.csv
LOG::LOG-00178,MENTIONS,ASSET::STS-U1-IDF-A,shift_logs.csv
LOG::LOG-00178,LINKED_TO,EVENT::EVT-DRAFT-20230927-07,shift_logs.csv
LOG::LOG-00179,MENTIONS,ASSET::STS-U1-CND,shift_logs.csv
LOG::LOG-00180,MENTIONS,ASSET::STS-U1-IDF-A,shift_logs.csv
LOG::LOG-00180,LINKED_TO,EVENT::EVT-DRAFT-20241219-26,shift_logs.csv
LOG::LOG-00181,MENTIONS,ASSET::STS-U1-IDF-A,shift_logs.csv
LOG::LOG-00181,LINKED_TO,EVENT::EVT-DRAFT-20240531-17,shift_logs.csv
LOG::LOG-00182,MENTIONS,ASSET::STS-U1-CND,shift_logs.csv
LOG::LOG-00183,MENTIONS,ASSET::STS-U1-IDF-A,shift_logs.csv
LOG::LOG-00184,MENTIONS,ASSET::STS-U1-TB-BRG2,shift_logs.csv
LOG::LOG-00185,MENTIONS,ASSET::STS-U1-IDF-A,shift_logs.csv
LOG::LOG-00185,LINKED_TO,EVENT::EVT-DRAFT-20240724-21,shift_logs.csv
LOG::LOG-00186,MENTIONS,ASSET::STS-U1-MILL-3,shift_logs.csv
LOG::LOG-00187,MENTIONS,ASSET::STS-U1-IDF-A,shift_logs.csv
LOG::LOG-00187,LINKED_TO,EVENT::EVT-DRAFT-20240408-14,shift_logs.csv
LOG::LOG-00188,MENTIONS,ASSET::STS-U1-CND,shift_logs.csv
LOG::LOG-00189,MENTIONS,ASSET::STS-U1-CND,shift_logs.csv
LOG::LOG-00190,MENTIONS,ASSET::STS-U1-BOI-FURNACE,shift_logs.csv
LOG::LOG-00191,MENTIONS,ASSET::STS-U1-BOI-FURNACE,shift_logs.csv
LOG::LOG-00192,MENTIONS,ASSET::STS-U1-IDF-A,shift_logs.csv
LOG::LOG-00192,LINKED_TO,EVENT::EVT-DRAFT-20240724-21,shift_logs.csv
LOG::LOG-00193,MENTIONS,ASSET::STS-U1-MILL-3,shift_logs.csv
LOG::LOG-00193,LINKED_TO,EVENT::EVT-2024-07-WETCOAL,shift_logs.csv
LOG::LOG-00194,MENTIONS,ASSET::STS-U1-MILL-3,shift_logs.csv
LOG::LOG-00195,MENTIONS,ASSET::STS-U1-MILL-3,shift_logs.csv
LOG::LOG-00196,MENTIONS,ASSET::STS-U1-CND,shift_logs.csv
LOG::LOG-00197,MENTIONS,ASSET::STS-U1-TB-BRG2,shift_logs.csv
LOG::LOG-00197,LINKED_TO,EVENT::EVT-2024-02-TB-VIB,shift_logs.csv
LOG::LOG-00198,MENTIONS,ASSET::STS-U1-IDF-A,shift_logs.csv
LOG::LOG-00199,MENTIONS,ASSET::STS-U1-IDF-A,shift_logs.csv
LOG::LOG-00199,LINKED_TO,EVENT::EVT-DRAFT-20240408-14,shift_logs.csv
LOG::LOG-00200,MENTIONS,ASSET::STS-U1-MILL-3,shift_logs.csv
LOG::LOG-00200,LINKED_TO,EVENT::EVT-2023-03-MILLTRIP,shift_logs.csv
LOG::LOG-00201,MENTIONS,ASSET::STS-U1-IDF-A,shift_logs.csv
LOG::LOG-00201,LINKED_TO,EVENT::EVT-DRAFT-20241106-24,shift_logs.csv
LOG::LOG-00202,MENTIONS,ASSET::STS-U1-CND,shift_logs.csv
LOG::LOG-00203,MENTIONS,ASSET::STS-U1-IDF-A,shift_logs.csv
LOG::LOG-00203,LINKED_TO,EVENT::EVT-DRAFT-20240902-23,shift_logs.csv
LOG::LOG-00204,MENTIONS,ASSET::STS-U1-MILL-3,shift_logs.csv
LOG::LOG-00204,LINKED_TO,EVENT::EVT-2023-03-MILLTRIP,shift_logs.csv
LOG::LOG-00205,MENTIONS,ASSET::STS-U1-IDF-A,shift_logs.csv
LOG::LOG-00205,LINKED_TO,EVENT::EVT-DRAFT-20240830-22,shift_logs.csv
LOG::LOG-00206,MENTIONS,ASSET::STS-U1-MILL-3,shift_logs.csv
LOG::LOG-00207,MENTIONS,ASSET::STS-U1-IDF-A,shift_logs.csv
LOG::LOG-00207,LINKED_TO,EVENT::EVT-DRAFT-20240512-16,shift_logs.csv
LOG::LOG-00208,MENTIONS,ASSET::STS-U1-IDF-A,shift_logs.csv
LOG::LOG-00208,LINKED_TO,EVENT::EVT-DRAFT-20240902-23,shift_logs.csv
LOG::LOG-00209,MENTIONS,ASSET::STS-U1-BOI-FURNACE,shift_logs.csv
LOG::LOG-00210,MENTIONS,ASSET::STS-U1-IDF-A,shift_logs.csv
LOG::LOG-00210,LINKED_TO,EVENT::EVT-DRAFT-20240112-13,shift_logs.csv
LOG::LOG-00211,MENTIONS,ASSET::STS-U1-IDF-A,shift_logs.csv
LOG::LOG-00211,LINKED_TO,EVENT::EVT-DRAFT-20240408-14,shift_logs.csv
LOG::LOG-00212,MENTIONS,ASSET::STS-U1-IDF-A,shift_logs.csv
LOG::LOG-00212,LINKED_TO,EVENT::EVT-DRAFT-20231230-11,shift_logs.csv
LOG::LOG-00213,MENTIONS,ASSET::STS-U1-IDF-A,shift_logs.csv
LOG::LOG-00213,LINKED_TO,EVENT::EVT-DRAFT-20240531-17,shift_logs.csv
LOG::LOG-00214,MENTIONS,ASSET::STS-U1-IDF-A,shift_logs.csv
LOG::LOG-00214,LINKED_TO,EVENT::EVT-DRAFT-20240408-14,shift_logs.csv
LOG::LOG-00215,MENTIONS,ASSET::STS-U1-TB-BRG2,shift_logs.csv
LOG::LOG-00216,MENTIONS,ASSET::STS-U1-SH-OUT,shift_logs.csv
LOG::LOG-00216,LINKED_TO,EVENT::EVT-2023-09-PM1,shift_logs.csv
LOG::LOG-00217,MENTIONS,ASSET::STS-U1-TB-BRG2,shift_logs.csv
LOG::LOG-00217,LINKED_TO,EVENT::EVT-2024-02-TB-VIB,shift_logs.csv
LOG::LOG-00218,MENTIONS,ASSET::STS-U1-IDF-A,shift_logs.csv
LOG::LOG-00218,LINKED_TO,EVENT::EVT-DRAFT-20240512-16,shift_logs.csv
LOG::LOG-00219,MENTIONS,ASSET::STS-U1-TB-BRG2,shift_logs.csv
LOG::LOG-00220,MENTIONS,ASSET::STS-U1-IDF-A,shift_logs.csv
LOG::LOG-00220,LINKED_TO,EVENT::EVT-DRAFT-20231230-11,shift_logs.csv
LOG::LOG-00221,MENTIONS,ASSET::STS-U1-BOI-FURNACE,shift_logs.csv
LOG::LOG-00222,MENTIONS,ASSET::STS-U1-SH-OUT,shift_logs.csv
LOG::LOG-00222,LINKED_TO,EVENT::EVT-2023-09-PM1,shift_logs.csv
LOG::LOG-00223,MENTIONS,ASSET::STS-U1-MILL-3,shift_logs.csv
LOG::LOG-00224,MENTIONS,ASSET::STS-U1-IDF-A,shift_logs.csv
LOG::LOG-00225,MENTIONS,ASSET::STS-U1-IDF-A,shift_logs.csv
LOG::LOG-00225,LINKED_TO,EVENT::EVT-DRAFT-20240830-22,shift_logs.csv
LOG::LOG-00226,MENTIONS,ASSET::STS-U1-TB-BRG2,shift_logs.csv
LOG::LOG-00226,LINKED_TO,EVENT::EVT-2023-02-TB-VIB,shift_logs.csv
LOG::LOG-00227,MENTIONS,ASSET::STS-U1-MILL-3,shift_logs.csv
LOG::LOG-00228,MENTIONS,ASSET::STS-U1-TB-BRG2,shift_logs.csv
LOG::LOG-00229,MENTIONS,ASSET::STS-U1-IDF-A,shift_logs.csv
LOG::LOG-00229,LINKED_TO,EVENT::EVT-DRAFT-20240112-13,shift_logs.csv
LOG::LOG-00230,MENTIONS,ASSET::STS-U1-IDF-A,shift_logs.csv
LOG::LOG-00230,LINKED_TO,EVENT::EVT-DRAFT-20230524-06,shift_logs.csv
LOG::LOG-00231,MENTIONS,ASSET::STS-U1-IDF-A,shift_logs.csv
LOG::LOG-00231,LINKED_TO,EVENT::EVT-DRAFT-20240408-14,shift_logs.csv
LOG::LOG-00232,MENTIONS,ASSET::STS-U1-IDF-A,shift_logs.csv
LOG::LOG-00232,LINKED_TO,EVENT::EVT-DRAFT-20240720-20,shift_logs.csv
LOG::LOG-00233,MENTIONS,ASSET::STS-U1-IDF-A,shift_logs.csv
LOG::LOG-00234,MENTIONS,ASSET::STS-U1-BOI-FURNACE,shift_logs.csv
LOG::LOG-00235,MENTIONS,ASSET::STS-U1-IDF-A,shift_logs.csv
LOG::LOG-00235,LINKED_TO,EVENT::EVT-DRAFT-20230309-03,shift_logs.csv
LOG::LOG-00236,MENTIONS,ASSET::STS-U1-MILL-3,shift_logs.csv
LOG::LOG-00237,MENTIONS,ASSET::STS-U1-SH-OUT,shift_logs.csv
LOG::LOG-00237,LINKED_TO,EVENT::EVT-2023-05-TUBELEAK,shift_logs.csv
LOG::LOG-00238,MENTIONS,ASSET::STS-U1-BOI-FURNACE,shift_logs.csv
LOG::LOG-00239,MENTIONS,ASSET::STS-U1-BOI-FURNACE,shift_logs.csv
LOG::LOG-00240,MENTIONS,ASSET::STS-U1-MILL-3,shift_logs.csv
LOG::LOG-00241,MENTIONS,ASSET::STS-U1-MILL-3,shift_logs.csv
LOG::LOG-00241,LINKED_TO,EVENT::EVT-2023-07-WETCOAL,shift_logs.csv
LOG::LOG-00242,MENTIONS,ASSET::STS-U1-IDF-A,shift_logs.csv
LOG::LOG-00242,LINKED_TO,EVENT::EVT-DRAFT-20231108-09,shift_logs.csv
LOG::LOG-00243,MENTIONS,ASSET::STS-U1-IDF-A,shift_logs.csv
LOG::LOG-00243,LINKED_TO,EVENT::EVT-DRAFT-20230305-02,shift_logs.csv
LOG::LOG-00244,MENTIONS,ASSET::STS-U1-IDF-A,shift_logs.csv
LOG::LOG-00245,MENTIONS,ASSET::STS-U1-IDF-A,shift_logs.csv
LOG::LOG-00245,LINKED_TO,EVENT::EVT-DRAFT-20240902-23,shift_logs.csv
LOG::LOG-00246,MENTIONS,ASSET::STS-U1-IDF-A,shift_logs.csv
LOG::LOG-00246,LINKED_TO,EVENT::EVT-DRAFT-20230927-07,shift_logs.csv
LOG::LOG-00247,MENTIONS,ASSET::STS-U1-TB-BRG2,shift_logs.csv
LOG::LOG-00248,MENTIONS,ASSET::STS-U1-CTF-BANK1,shift_logs.csv
LOG::LOG-00248,LINKED_TO,EVENT::EVT-2024-06-AUXDRIFT,shift_logs.csv
LOG::LOG-00249,MENTIONS,ASSET::STS-U1-IDF-A,shift_logs.csv
LOG::LOG-00249,LINKED_TO,EVENT::EVT-DRAFT-20240830-22,shift_logs.csv
LOG::LOG-00250,MENTIONS,ASSET::STS-U1-IDF-A,shift_logs.csv
LOG::LOG-00250,LINKED_TO,EVENT::EVT-DRAFT-20230305-02,shift_logs.csv
LOG::LOG-00251,MENTIONS,ASSET::STS-U1-IDF-A,shift_logs.csv
LOG::LOG-00251,LINKED_TO,EVENT::EVT-DRAFT-20230927-07,shift_logs.csv
LOG::LOG-00252,MENTIONS,ASSET::STS-U1-CND,shift_logs.csv
LOG::LOG-00253,MENTIONS,ASSET::STS-U1-CTF-BANK1,shift_logs.csv
LOG::LOG-00253,LINKED_TO,EVENT::EVT-2024-09-PM2,shift_logs.csv
LOG::LOG-00254,MENTIONS,ASSET::STS-U1-IDF-A,shift_logs.csv
LOG::LOG-00254,LINKED_TO,EVENT::EVT-DRAFT-20240531-17,shift_logs.csv
LOG::LOG-00255,MENTIONS,ASSET::STS-U1-IDF-A,shift_logs.csv
LOG::LOG-00255,LINKED_TO,EVENT::EVT-DRAFT-20240415-15,shift_logs.csv
LOG::LOG-00256,MENTIONS,ASSET::STS-U1-BOI-FURNACE,shift_logs.csv
LOG::LOG-00257,MENTIONS,ASSET::STS-U1-MILL-3,shift_logs.csv
LOG::LOG-00258,MENTIONS,ASSET::STS-U1-IDF-A,shift_logs.csv
LOG::LOG-00258,LINKED_TO,EVENT::EVT-DRAFT-20230403-04,shift_logs.csv
LOG::LOG-00259,MENTIONS,ASSET::STS-U1-CND,shift_logs.csv
LOG::LOG-00260,MENTIONS,ASSET::STS-U1-IDF-A,shift_logs.csv
LOG::LOG-00260,LINKED_TO,EVENT::EVT-DRAFT-20231230-11,shift_logs.csv
EMAIL::EML-00001,MENTIONS,EVENT::EVT-DRAFT-20241219-26,emails.csv
EMAIL::EML-00001,SENT_FROM,ROLE::Reliability Engineer,emails.csv
EMAIL::EML-00001,SENT_TO,ROLE::Performance Analyst,emails.csv
EMAIL::EML-00002,MENTIONS,EVENT::EVT-2023-07-WETCOAL,emails.csv
EMAIL::EML-00002,SENT_FROM,ROLE::Shift Supervisor,emails.csv
EMAIL::EML-00002,SENT_TO,ROLE::Reliability Engineer,emails.csv
EMAIL::EML-00003,MENTIONS,EVENT::EVT-DRAFT-20230927-07,emails.csv
EMAIL::EML-00003,SENT_FROM,ROLE::Control Room Operator,emails.csv
EMAIL::EML-00003,SENT_TO,ROLE::Shift Supervisor,emails.csv
EMAIL::EML-00004,MENTIONS,EVENT::EVT-DRAFT-20230309-03,emails.csv
EMAIL::EML-00004,SENT_FROM,ROLE::Maintenance Planner,emails.csv
EMAIL::EML-00004,SENT_TO,ROLE::Shift Supervisor,emails.csv
EMAIL::EML-00005,MENTIONS,EVENT::EVT-DRAFT-20240701-19,emails.csv
EMAIL::EML-00005,SENT_FROM,ROLE::Maintenance Planner,emails.csv
EMAIL::EML-00005,SENT_TO,ROLE::Control Room Operator,emails.csv
EMAIL::EML-00006,MENTIONS,EVENT::EVT-DRAFT-20240112-13,emails.csv
EMAIL::EML-00006,SENT_FROM,ROLE::Performance Analyst,emails.csv
EMAIL::EML-00006,SENT_TO,ROLE::Maintenance Planner,emails.csv
EMAIL::EML-00007,MENTIONS,EVENT::EVT-DRAFT-20240408-14,emails.csv
EMAIL::EML-00007,SENT_FROM,ROLE::Performance Analyst,emails.csv
EMAIL::EML-00007,SENT_TO,ROLE::Reliability Engineer,emails.csv
EMAIL::EML-00008,MENTIONS,EVENT::EVT-DRAFT-20241130-25,emails.csv
EMAIL::EML-00008,SENT_FROM,ROLE::Maintenance Planner,emails.csv
EMAIL::EML-00008,SENT_TO,ROLE::Performance Analyst,emails.csv
EMAIL::EML-00009,MENTIONS,EVENT::EVT-2024-09-PM2,emails.csv
EMAIL::EML-00009,SENT_FROM,ROLE::Maintenance Planner,emails.csv
EMAIL::EML-00009,SENT_TO,ROLE::Control Room Operator,emails.csv
EMAIL::EML-00010,MENTIONS,EVENT::EVT-2024-02-TB-VIB,emails.csv
EMAIL::EML-00010,SENT_FROM,ROLE::Shift Supervisor,emails.csv
EMAIL::EML-00010,SENT_TO,ROLE::Performance Analyst,emails.csv
EMAIL::EML-00011,MENTIONS,EVENT::EVT-2024-09-PM2,emails.csv
EMAIL::EML-00011,SENT_FROM,ROLE::Control Room Operator,emails.csv
EMAIL::EML-00011,SENT_TO,ROLE::Reliability Engineer,emails.csv
EMAIL::EML-00012,MENTIONS,EVENT::EVT-DRAFT-20240701-19,emails.csv
EMAIL::EML-00012,SENT_FROM,ROLE::Shift Supervisor,emails.csv
EMAIL::EML-00012,SENT_TO,ROLE::Maintenance Planner,emails.csv
EMAIL::EML-00013,MENTIONS,EVENT::EVT-DRAFT-20240531-17,emails.csv
EMAIL::EML-00013,SENT_FROM,ROLE::Maintenance Planner,emails.csv
EMAIL::EML-00013,SENT_TO,ROLE::Performance Analyst,emails.csv
EMAIL::EML-00014,MENTIONS,EVENT::EVT-DRAFT-20240902-23,emails.csv
EMAIL::EML-00014,SENT_FROM,ROLE::Reliability Engineer,emails.csv
EMAIL::EML-00014,SENT_TO,ROLE::Shift Supervisor,emails.csv
EMAIL::EML-00015,MENTIONS,EVENT::EVT-DRAFT-20230309-03,emails.csv
EMAIL::EML-00015,SENT_FROM,ROLE::Shift Supervisor,emails.csv
EMAIL::EML-00015,SENT_TO,ROLE::Maintenance Planner,emails.csv
EMAIL::EML-00016,MENTIONS,EVENT::EVT-DRAFT-20240701-19,emails.csv
EMAIL::EML-00016,SENT_FROM,ROLE::Maintenance Planner,emails.csv
EMAIL::EML-00016,SENT_TO,ROLE::Performance Analyst,emails.csv
EMAIL::EML-00017,MENTIONS,EVENT::EVT-2024-02-TB-VIB,emails.csv
EMAIL::EML-00017,SENT_FROM,ROLE::Reliability Engineer,emails.csv
EMAIL::EML-00017,SENT_TO,ROLE::Shift Supervisor,emails.csv
EMAIL::EML-00018,MENTIONS,EVENT::EVT-DRAFT-20230309-03,emails.csv
EMAIL::EML-00018,SENT_FROM,ROLE::Shift Supervisor,emails.csv
EMAIL::EML-00018,SENT_TO,ROLE::Control Room Operator,emails.csv
EMAIL::EML-00019,MENTIONS,EVENT::EVT-DRAFT-20240724-21,emails.csv
EMAIL::EML-00019,SENT_FROM,ROLE::Shift Supervisor,emails.csv
EMAIL::EML-00019,SENT_TO,ROLE::Performance Analyst,emails.csv
EMAIL::EML-00020,MENTIONS,EVENT::EVT-DRAFT-20240531-17,emails.csv
EMAIL::EML-00020,SENT_FROM,ROLE::Shift Supervisor,emails.csv
EMAIL::EML-00020,SENT_TO,ROLE::Control Room Operator,emails.csv
EMAIL::EML-00021,MENTIONS,EVENT::EVT-DRAFT-20230309-03,emails.csv
EMAIL::EML-00021,SENT_FROM,ROLE::Shift Supervisor,emails.csv
EMAIL::EML-00021,SENT_TO,ROLE::Maintenance Planner,emails.csv
EMAIL::EML-00022,MENTIONS,EVENT::EVT-DRAFT-20230403-04,emails.csv
EMAIL::EML-00022,SENT_FROM,ROLE::Maintenance Planner,emails.csv
EMAIL::EML-00022,SENT_TO,ROLE::Control Room Operator,emails.csv
EMAIL::EML-00023,MENTIONS,EVENT::EVT-DRAFT-20240902-23,emails.csv
EMAIL::EML-00023,SENT_FROM,ROLE::Maintenance Planner,emails.csv
EMAIL::EML-00023,SENT_TO,ROLE::Control Room Operator,emails.csv
EMAIL::EML-00024,MENTIONS,EVENT::EVT-DRAFT-20230403-04,emails.csv
EMAIL::EML-00024,SENT_FROM,ROLE::Performance Analyst,emails.csv
EMAIL::EML-00024,SENT_TO,ROLE::Maintenance Planner,emails.csv
EMAIL::EML-00025,MENTIONS,EVENT::EVT-DRAFT-20231108-09,emails.csv
EMAIL::EML-00025,SENT_FROM,ROLE::Performance Analyst,emails.csv
EMAIL::EML-00025,SENT_TO,ROLE::Maintenance Planner,emails.csv
EMAIL::EML-00026,MENTIONS,EVENT::EVT-DRAFT-20230403-04,emails.csv
EMAIL::EML-00026,SENT_FROM,ROLE::Shift Supervisor,emails.csv
EMAIL::EML-00026,SENT_TO,ROLE::Control Room Operator,emails.csv
EMAIL::EML-00027,MENTIONS,EVENT::EVT-DRAFT-20240415-15,emails.csv
EMAIL::EML-00027,SENT_FROM,ROLE::Shift Supervisor,emails.csv
EMAIL::EML-00027,SENT_TO,ROLE::Performance Analyst,emails.csv
EMAIL::EML-00028,MENTIONS,EVENT::EVT-2024-06-AUXDRIFT,emails.csv
EMAIL::EML-00028,SENT_FROM,ROLE::Control Room Operator,emails.csv
EMAIL::EML-00028,SENT_TO,ROLE::Maintenance Planner,emails.csv
EMAIL::EML-00029,MENTIONS,EVENT::EVT-2023-07-WETCOAL,emails.csv
EMAIL::EML-00029,SENT_FROM,ROLE::Shift Supervisor,emails.csv
EMAIL::EML-00029,SENT_TO,ROLE::Reliability Engineer,emails.csv
EMAIL::EML-00030,MENTIONS,EVENT::EVT-DRAFT-20231108-09,emails.csv
EMAIL::EML-00030,SENT_FROM,ROLE::Maintenance Planner,emails.csv
EMAIL::EML-00030,SENT_TO,ROLE::Shift Supervisor,emails.csv
EMAIL::EML-00031,MENTIONS,EVENT::EVT-2023-09-PM1,emails.csv
EMAIL::EML-00031,SENT_FROM,ROLE::Performance Analyst,emails.csv
EMAIL::EML-00031,SENT_TO,ROLE::Maintenance Planner,emails.csv
EMAIL::EML-00032,MENTIONS,EVENT::EVT-2023-02-TB-VIB,emails.csv
EMAIL::EML-00032,SENT_FROM,ROLE::Reliability Engineer,emails.csv
EMAIL::EML-00032,SENT_TO,ROLE::Control Room Operator,emails.csv
EMAIL::EML-00033,MENTIONS,EVENT::EVT-2023-05-TUBELEAK,emails.csv
EMAIL::EML-00033,SENT_FROM,ROLE::Shift Supervisor,emails.csv
EMAIL::EML-00033,SENT_TO,ROLE::Maintenance Planner,emails.csv
EMAIL::EML-00034,MENTIONS,EVENT::EVT-DRAFT-20230309-03,emails.csv
EMAIL::EML-00034,SENT_FROM,ROLE::Control Room Operator,emails.csv
EMAIL::EML-00034,SENT_TO,ROLE::Maintenance Planner,emails.csv
EMAIL::EML-00035,MENTIONS,EVENT::EVT-DRAFT-20240612-18,emails.csv
EMAIL::EML-00035,SENT_FROM,ROLE::Performance Analyst,emails.csv
EMAIL::EML-00035,SENT_TO,ROLE::Maintenance Planner,emails.csv
EMAIL::EML-00036,MENTIONS,EVENT::EVT-2024-07-WETCOAL,emails.csv
EMAIL::EML-00036,SENT_FROM,ROLE::Control Room Operator,emails.csv
EMAIL::EML-00036,SENT_TO,ROLE::Shift Supervisor,emails.csv
EMAIL::EML-00037,MENTIONS,EVENT::EVT-2023-03-MILLTRIP,emails.csv
EMAIL::EML-00037,SENT_FROM,ROLE::Shift Supervisor,emails.csv
EMAIL::EML-00037,SENT_TO,ROLE::Performance Analyst,emails.csv
EMAIL::EML-00038,MENTIONS,EVENT::EVT-DRAFT-20231230-11,emails.csv
EMAIL::EML-00038,SENT_FROM,ROLE::Performance Analyst,emails.csv
EMAIL::EML-00038,SENT_TO,ROLE::Shift Supervisor,emails.csv
EMAIL::EML-00039,MENTIONS,EVENT::EVT-DRAFT-20241106-24,emails.csv
EMAIL::EML-00039,SENT_FROM,ROLE::Control Room Operator,emails.csv
EMAIL::EML-00039,SENT_TO,ROLE::Maintenance Planner,emails.csv
EMAIL::EML-00040,MENTIONS,EVENT::EVT-2023-05-TUBELEAK,emails.csv
EMAIL::EML-00040,SENT_FROM,ROLE::Maintenance Planner,emails.csv
EMAIL::EML-00040,SENT_TO,ROLE::Performance Analyst,emails.csv
EMAIL::EML-00041,MENTIONS,EVENT::EVT-DRAFT-20231230-11,emails.csv
EMAIL::EML-00041,SENT_FROM,ROLE::Shift Supervisor,emails.csv
EMAIL::EML-00041,SENT_TO,ROLE::Maintenance Planner,emails.csv
EMAIL::EML-00042,MENTIONS,EVENT::EVT-DRAFT-20240724-21,emails.csv
EMAIL::EML-00042,SENT_FROM,ROLE::Performance Analyst,emails.csv
EMAIL::EML-00042,SENT_TO,ROLE::Maintenance Planner,emails.csv
EMAIL::EML-00043,MENTIONS,EVENT::EVT-DRAFT-20240724-21,emails.csv
EMAIL::EML-00043,SENT_FROM,ROLE::Shift Supervisor,emails.csv
EMAIL::EML-00043,SENT_TO,ROLE::Reliability Engineer,emails.csv
EMAIL::EML-00044,MENTIONS,EVENT::EVT-DRAFT-20240531-17,emails.csv
EMAIL::EML-00044,SENT_FROM,ROLE::Reliability Engineer,emails.csv
EMAIL::EML-00044,SENT_TO,ROLE::Shift Supervisor,emails.csv
EMAIL::EML-00045,MENTIONS,EVENT::EVT-2023-02-TB-VIB,emails.csv
EMAIL::EML-00045,SENT_FROM,ROLE::Shift Supervisor,emails.csv
EMAIL::EML-00045,SENT_TO,ROLE::Maintenance Planner,emails.csv
EMAIL::EML-00046,MENTIONS,EVENT::EVT-DRAFT-20240112-13,emails.csv
EMAIL::EML-00046,SENT_FROM,ROLE::Maintenance Planner,emails.csv
EMAIL::EML-00046,SENT_TO,ROLE::Performance Analyst,emails.csv
EMAIL::EML-00047,MENTIONS,EVENT::EVT-2024-07-WETCOAL,emails.csv
EMAIL::EML-00047,SENT_FROM,ROLE::Maintenance Planner,emails.csv
EMAIL::EML-00047,SENT_TO,ROLE::Performance Analyst,emails.csv
EMAIL::EML-00048,MENTIONS,EVENT::EVT-DRAFT-20240720-20,emails.csv
EMAIL::EML-00048,SENT_FROM,ROLE::Reliability Engineer,emails.csv
EMAIL::EML-00048,SENT_TO,ROLE::Control Room Operator,emails.csv
EMAIL::EML-00049,MENTIONS,EVENT::EVT-DRAFT-20241219-26,emails.csv
EMAIL::EML-00049,SENT_FROM,ROLE::Control Room Operator,emails.csv
EMAIL::EML-00049,SENT_TO,ROLE::Shift Supervisor,emails.csv
EMAIL::EML-00050,MENTIONS,EVENT::EVT-2023-09-PM1,emails.csv
EMAIL::EML-00050,SENT_FROM,ROLE::Shift Supervisor,emails.csv
EMAIL::EML-00050,SENT_TO,ROLE::Reliability Engineer,emails.csv
EMAIL::EML-00051,MENTIONS,EVENT::EVT-DRAFT-20240720-20,emails.csv
EMAIL::EML-00051,SENT_FROM,ROLE::Control Room Operator,emails.csv
EMAIL::EML-00051,SENT_TO,ROLE::Reliability Engineer,emails.csv
EMAIL::EML-00052,MENTIONS,EVENT::EVT-DRAFT-20240415-15,emails.csv
EMAIL::EML-00052,SENT_FROM,ROLE::Maintenance Planner,emails.csv
EMAIL::EML-00052,SENT_TO,ROLE::Shift Supervisor,emails.csv
EMAIL::EML-00053,MENTIONS,EVENT::EVT-DRAFT-20240531-17,emails.csv
EMAIL::EML-00053,SENT_FROM,ROLE::Reliability Engineer,emails.csv
EMAIL::EML-00053,SENT_TO,ROLE::Maintenance Planner,emails.csv
EMAIL::EML-00054,MENTIONS,EVENT::EVT-DRAFT-20230303-01,emails.csv
EMAIL::EML-00054,SENT_FROM,ROLE::Reliability Engineer,emails.csv
EMAIL::EML-00054,SENT_TO,ROLE::Performance Analyst,emails.csv
EMAIL::EML-00055,MENTIONS,EVENT::EVT-2024-07-WETCOAL,emails.csv
EMAIL::EML-00055,SENT_FROM,ROLE::Shift Supervisor,emails.csv
EMAIL::EML-00055,SENT_TO,ROLE::Maintenance Planner,emails.csv
EMAIL::EML-00056,MENTIONS,EVENT::EVT-DRAFT-20240415-15,emails.csv
EMAIL::EML-00056,SENT_FROM,ROLE::Performance Analyst,emails.csv
EMAIL::EML-00056,SENT_TO,ROLE::Control Room Operator,emails.csv
EMAIL::EML-00057,MENTIONS,EVENT::EVT-DRAFT-20231230-11,emails.csv
EMAIL::EML-00057,SENT_FROM,ROLE::Maintenance Planner,emails.csv
EMAIL::EML-00057,SENT_TO,ROLE::Reliability Engineer,emails.csv
EMAIL::EML-00058,MENTIONS,EVENT::EVT-DRAFT-20230303-01,emails.csv
EMAIL::EML-00058,SENT_FROM,ROLE::Reliability Engineer,emails.csv
EMAIL::EML-00058,SENT_TO,ROLE::Maintenance Planner,emails.csv
EMAIL::EML-00059,MENTIONS,EVENT::EVT-DRAFT-20240701-19,emails.csv
EMAIL::EML-00059,SENT_FROM,ROLE::Maintenance Planner,emails.csv
EMAIL::EML-00059,SENT_TO,ROLE::Control Room Operator,emails.csv
EMAIL::EML-00060,MENTIONS,EVENT::EVT-2023-03-MILLTRIP,emails.csv
EMAIL::EML-00060,SENT_FROM,ROLE::Performance Analyst,emails.csv
EMAIL::EML-00060,SENT_TO,ROLE::Shift Supervisor,emails.csv
EMAIL::EML-00061,MENTIONS,EVENT::EVT-DRAFT-20240531-17,emails.csv
EMAIL::EML-00061,SENT_FROM,ROLE::Maintenance Planner,emails.csv
EMAIL::EML-00061,SENT_TO,ROLE::Control Room Operator,emails.csv
EMAIL::EML-00062,MENTIONS,EVENT::EVT-DRAFT-20240724-21,emails.csv
EMAIL::EML-00062,SENT_FROM,ROLE::Performance Analyst,emails.csv
EMAIL::EML-00062,SENT_TO,ROLE::Shift Supervisor,emails.csv
EMAIL::EML-00063,MENTIONS,EVENT::EVT-DRAFT-20240720-20,emails.csv
EMAIL::EML-00063,SENT_FROM,ROLE::Performance Analyst,emails.csv
EMAIL::EML-00063,SENT_TO,ROLE::Control Room Operator,emails.csv
EMAIL::EML-00064,MENTIONS,EVENT::EVT-DRAFT-20230303-01,emails.csv
EMAIL::EML-00064,SENT_FROM,ROLE::Maintenance Planner,emails.csv
EMAIL::EML-00064,SENT_TO,ROLE::Performance Analyst,emails.csv
EMAIL::EML-00065,MENTIONS,EVENT::EVT-DRAFT-20231123-10,emails.csv
EMAIL::EML-00065,SENT_FROM,ROLE::Shift Supervisor,emails.csv
EMAIL::EML-00065,SENT_TO,ROLE::Reliability Engineer,emails.csv
EMAIL::EML-00066,MENTIONS,EVENT::EVT-DRAFT-20241106-24,emails.csv
EMAIL::EML-00066,SENT_FROM,ROLE::Reliability Engineer,emails.csv
EMAIL::EML-00066,SENT_TO,ROLE::Shift Supervisor,emails.csv
EMAIL::EML-00067,MENTIONS,EVENT::EVT-DRAFT-20241106-24,emails.csv
EMAIL::EML-00067,SENT_FROM,ROLE::Maintenance Planner,emails.csv
EMAIL::EML-00067,SENT_TO,ROLE::Reliability Engineer,emails.csv
EMAIL::EML-00068,MENTIONS,EVENT::EVT-DRAFT-20230309-03,emails.csv
EMAIL::EML-00068,SENT_FROM,ROLE::Maintenance Planner,emails.csv
EMAIL::EML-00068,SENT_TO,ROLE::Control Room Operator,emails.csv
EMAIL::EML-00069,MENTIONS,EVENT::EVT-DRAFT-20240415-15,emails.csv
EMAIL::EML-00069,SENT_FROM,ROLE::Shift Supervisor,emails.csv
EMAIL::EML-00069,SENT_TO,ROLE::Control Room Operator,emails.csv
EMAIL::EML-00070,MENTIONS,EVENT::EVT-DRAFT-20240415-15,emails.csv
EMAIL::EML-00070,SENT_FROM,ROLE::Maintenance Planner,emails.csv
EMAIL::EML-00070,SENT_TO,ROLE::Performance Analyst,emails.csv
EMAIL::EML-00071,MENTIONS,EVENT::EVT-DRAFT-20240830-22,emails.csv
EMAIL::EML-00071,SENT_FROM,ROLE::Reliability Engineer,emails.csv
EMAIL::EML-00071,SENT_TO,ROLE::Performance Analyst,emails.csv
EMAIL::EML-00072,MENTIONS,EVENT::EVT-DRAFT-20230309-03,emails.csv
EMAIL::EML-00072,SENT_FROM,ROLE::Control Room Operator,emails.csv
EMAIL::EML-00072,SENT_TO,ROLE::Shift Supervisor,emails.csv
EMAIL::EML-00073,MENTIONS,EVENT::EVT-DRAFT-20241130-25,emails.csv
EMAIL::EML-00073,SENT_FROM,ROLE::Maintenance Planner,emails.csv
EMAIL::EML-00073,SENT_TO,ROLE::Performance Analyst,emails.csv
EMAIL::EML-00074,MENTIONS,EVENT::EVT-DRAFT-20230305-02,emails.csv
EMAIL::EML-00074,SENT_FROM,ROLE::Shift Supervisor,emails.csv
EMAIL::EML-00074,SENT_TO,ROLE::Performance Analyst,emails.csv
EMAIL::EML-00075,MENTIONS,EVENT::EVT-DRAFT-20230927-07,emails.csv
EMAIL::EML-00075,SENT_FROM,ROLE::Reliability Engineer,emails.csv
EMAIL::EML-00075,SENT_TO,ROLE::Maintenance Planner,emails.csv
EMAIL::EML-00076,MENTIONS,EVENT::EVT-DRAFT-20230403-04,emails.csv
EMAIL::EML-00076,SENT_FROM,ROLE::Control Room Operator,emails.csv
EMAIL::EML-00076,SENT_TO,ROLE::Shift Supervisor,emails.csv
EMAIL::EML-00077,MENTIONS,EVENT::EVT-DRAFT-20231123-10,emails.csv
EMAIL::EML-00077,SENT_FROM,ROLE::Control Room Operator,emails.csv
EMAIL::EML-00077,SENT_TO,ROLE::Performance Analyst,emails.csv
EMAIL::EML-00078,MENTIONS,EVENT::EVT-DRAFT-20231123-10,emails.csv
EMAIL::EML-00078,SENT_FROM,ROLE::Performance Analyst,emails.csv
EMAIL::EML-00078,SENT_TO,ROLE::Reliability Engineer,emails.csv
EMAIL::EML-00079,MENTIONS,EVENT::EVT-DRAFT-20240531-17,emails.csv
EMAIL::EML-00079,SENT_FROM,ROLE::Shift Supervisor,emails.csv
EMAIL::EML-00079,SENT_TO,ROLE::Performance Analyst,emails.csv
EMAIL::EML-00080,MENTIONS,EVENT::EVT-DRAFT-20240701-19,emails.csv
EMAIL::EML-00080,SENT_FROM,ROLE::Shift Supervisor,emails.csv
EMAIL::EML-00080,SENT_TO,ROLE::Performance Analyst,emails.csv
EMAIL::EML-00081,MENTIONS,EVENT::EVT-DRAFT-20230303-01,emails.csv
EMAIL::EML-00081,SENT_FROM,ROLE::Control Room Operator,emails.csv
EMAIL::EML-00081,SENT_TO,ROLE::Performance Analyst,emails.csv
EMAIL::EML-00082,MENTIONS,EVENT::EVT-2024-03-CW-CONSTR,emails.csv
EMAIL::EML-00082,SENT_FROM,ROLE::Maintenance Planner,emails.csv
EMAIL::EML-00082,SENT_TO,ROLE::Control Room Operator,emails.csv
EMAIL::EML-00083,MENTIONS,EVENT::EVT-DRAFT-20241106-24,emails.csv
EMAIL::EML-00083,SENT_FROM,ROLE::Shift Supervisor,emails.csv
EMAIL::EML-00083,SENT_TO,ROLE::Control Room Operator,emails.csv
EMAIL::EML-00084,MENTIONS,EVENT::EVT-2024-02-TB-VIB,emails.csv
EMAIL::EML-00084,SENT_FROM,ROLE::Reliability Engineer,emails.csv
EMAIL::EML-00084,SENT_TO,ROLE::Maintenance Planner,emails.csv
EMAIL::EML-00085,MENTIONS,EVENT::EVT-DRAFT-20230303-01,emails.csv
EMAIL::EML-00085,SENT_FROM,ROLE::Control Room Operator,emails.csv
EMAIL::EML-00085,SENT_TO,ROLE::Shift Supervisor,emails.csv
EMAIL::EML-00086,MENTIONS,EVENT::EVT-DRAFT-20240106-12,emails.csv
EMAIL::EML-00086,SENT_FROM,ROLE::Control Room Operator,emails.csv
EMAIL::EML-00086,SENT_TO,ROLE::Performance Analyst,emails.csv
EMAIL::EML-00087,MENTIONS,EVENT::EVT-DRAFT-20240720-20,emails.csv
EMAIL::EML-00087,SENT_FROM,ROLE::Reliability Engineer,emails.csv
EMAIL::EML-00087,SENT_TO,ROLE::Control Room Operator,emails.csv
EMAIL::EML-00088,MENTIONS,EVENT::EVT-2024-03-CW-CONSTR,emails.csv
EMAIL::EML-00088,SENT_FROM,ROLE::Maintenance Planner,emails.csv
EMAIL::EML-00088,SENT_TO,ROLE::Control Room Operator,emails.csv
EMAIL::EML-00089,MENTIONS,EVENT::EVT-DRAFT-20230513-05,emails.csv
EMAIL::EML-00089,SENT_FROM,ROLE::Maintenance Planner,emails.csv
EMAIL::EML-00089,SENT_TO,ROLE::Performance Analyst,emails.csv
EMAIL::EML-00090,MENTIONS,EVENT::EVT-DRAFT-20230309-03,emails.csv
EMAIL::EML-00090,SENT_FROM,ROLE::Shift Supervisor,emails.csv
EMAIL::EML-00090,SENT_TO,ROLE::Control Room Operator,emails.csv
EMAIL::EML-00091,MENTIONS,EVENT::EVT-DRAFT-20240902-23,emails.csv
EMAIL::EML-00091,SENT_FROM,ROLE::Reliability Engineer,emails.csv
EMAIL::EML-00091,SENT_TO,ROLE::Performance Analyst,emails.csv
EMAIL::EML-00092,MENTIONS,EVENT::EVT-DRAFT-20240408-14,emails.csv
EMAIL::EML-00092,SENT_FROM,ROLE::Shift Supervisor,emails.csv
EMAIL::EML-00092,SENT_TO,ROLE::Reliability Engineer,emails.csv
EMAIL::EML-00093,MENTIONS,EVENT::EVT-DRAFT-20241219-26,emails.csv
EMAIL::EML-00093,SENT_FROM,ROLE::Shift Supervisor,emails.csv
EMAIL::EML-00093,SENT_TO,ROLE::Control Room Operator,emails.csv
EMAIL::EML-00094,MENTIONS,EVENT::EVT-DRAFT-20230309-03,emails.csv
EMAIL::EML-00094,SENT_FROM,ROLE::Maintenance Planner,emails.csv
EMAIL::EML-00094,SENT_TO,ROLE::Control Room Operator,emails.csv
EMAIL::EML-00095,MENTIONS,EVENT::EVT-DRAFT-20230524-06,emails.csv
EMAIL::EML-00095,SENT_FROM,ROLE::Performance Analyst,emails.csv
EMAIL::EML-00095,SENT_TO,ROLE::Reliability Engineer,emails.csv
EMAIL::EML-00096,MENTIONS,EVENT::EVT-DRAFT-20240902-23,emails.csv
EMAIL::EML-00096,SENT_FROM,ROLE::Performance Analyst,emails.csv
EMAIL::EML-00096,SENT_TO,ROLE::Shift Supervisor,emails.csv
EMAIL::EML-00097,MENTIONS,EVENT::EVT-2024-07-WETCOAL,emails.csv
EMAIL::EML-00097,SENT_FROM,ROLE::Shift Supervisor,emails.csv
EMAIL::EML-00097,SENT_TO,ROLE::Control Room Operator,emails.csv
EMAIL::EML-00098,MENTIONS,EVENT::EVT-DRAFT-20230524-06,emails.csv
EMAIL::EML-00098,SENT_FROM,ROLE::Performance Analyst,emails.csv
EMAIL::EML-00098,SENT_TO,ROLE::Shift Supervisor,emails.csv
EMAIL::EML-00099,MENTIONS,EVENT::EVT-DRAFT-20230927-07,emails.csv
EMAIL::EML-00099,SENT_FROM,ROLE::Control Room Operator,emails.csv
EMAIL::EML-00099,SENT_TO,ROLE::Performance Analyst,emails.csv
EMAIL::EML-00100,MENTIONS,EVENT::EVT-DRAFT-20240531-17,emails.csv
EMAIL::EML-00100,SENT_FROM,ROLE::Maintenance Planner,emails.csv
EMAIL::EML-00100,SENT_TO,ROLE::Control Room Operator,emails.csv
EMAIL::EML-00101,MENTIONS,EVENT::EVT-DRAFT-20240902-23,emails.csv
EMAIL::EML-00101,SENT_FROM,ROLE::Control Room Operator,emails.csv
EMAIL::EML-00101,SENT_TO,ROLE::Shift Supervisor,emails.csv
EMAIL::EML-00102,MENTIONS,EVENT::EVT-DRAFT-20240415-15,emails.csv
EMAIL::EML-00102,SENT_FROM,ROLE::Reliability Engineer,emails.csv
EMAIL::EML-00102,SENT_TO,ROLE::Maintenance Planner,emails.csv
EMAIL::EML-00103,MENTIONS,EVENT::EVT-DRAFT-20240408-14,emails.csv
EMAIL::EML-00103,SENT_FROM,ROLE::Reliability Engineer,emails.csv
EMAIL::EML-00103,SENT_TO,ROLE::Shift Supervisor,emails.csv
EMAIL::EML-00104,MENTIONS,EVENT::EVT-DRAFT-20230524-06,emails.csv
EMAIL::EML-00104,SENT_FROM,ROLE::Shift Supervisor,emails.csv
EMAIL::EML-00104,SENT_TO,ROLE::Maintenance Planner,emails.csv
EMAIL::EML-00105,MENTIONS,EVENT::EVT-2023-02-TB-VIB,emails.csv
EMAIL::EML-00105,SENT_FROM,ROLE::Maintenance Planner,emails.csv
EMAIL::EML-00105,SENT_TO,ROLE::Control Room Operator,emails.csv
EMAIL::EML-00106,MENTIONS,EVENT::EVT-2024-09-PM2,emails.csv
EMAIL::EML-00106,SENT_FROM,ROLE::Maintenance Planner,emails.csv
EMAIL::EML-00106,SENT_TO,ROLE::Reliability Engineer,emails.csv
EMAIL::EML-00107,MENTIONS,EVENT::EVT-DRAFT-20231230-11,emails.csv
EMAIL::EML-00107,SENT_FROM,ROLE::Maintenance Planner,emails.csv
EMAIL::EML-00107,SENT_TO,ROLE::Shift Supervisor,emails.csv
EMAIL::EML-00108,MENTIONS,EVENT::EVT-2023-05-TUBELEAK,emails.csv
EMAIL::EML-00108,SENT_FROM,ROLE::Performance Analyst,emails.csv
EMAIL::EML-00108,SENT_TO,ROLE::Shift Supervisor,emails.csv
EMAIL::EML-00109,MENTIONS,EVENT::EVT-DRAFT-20240720-20,emails.csv
EMAIL::EML-00109,SENT_FROM,ROLE::Performance Analyst,emails.csv
EMAIL::EML-00109,SENT_TO,ROLE::Shift Supervisor,emails.csv
EMAIL::EML-00110,MENTIONS,EVENT::EVT-DRAFT-20230927-07,emails.csv
EMAIL::EML-00110,SENT_FROM,ROLE::Maintenance Planner,emails.csv
EMAIL::EML-00110,SENT_TO,ROLE::Performance Analyst,emails.csv
EMAIL::EML-00111,MENTIONS,EVENT::EVT-DRAFT-20240830-22,emails.csv
EMAIL::EML-00111,SENT_FROM,ROLE::Performance Analyst,emails.csv
EMAIL::EML-00111,SENT_TO,ROLE::Maintenance Planner,emails.csv
EMAIL::EML-00112,MENTIONS,EVENT::EVT-DRAFT-20240531-17,emails.csv
EMAIL::EML-00112,SENT_FROM,ROLE::Maintenance Planner,emails.csv
EMAIL::EML-00112,SENT_TO,ROLE::Performance Analyst,emails.csv
EMAIL::EML-00113,MENTIONS,EVENT::EVT-DRAFT-20241219-26,emails.csv
EMAIL::EML-00113,SENT_FROM,ROLE::Maintenance Planner,emails.csv
EMAIL::EML-00113,SENT_TO,ROLE::Shift Supervisor,emails.csv
EMAIL::EML-00114,MENTIONS,EVENT::EVT-DRAFT-20240415-15,emails.csv
EMAIL::EML-00114,SENT_FROM,ROLE::Maintenance Planner,emails.csv
EMAIL::EML-00114,SENT_TO,ROLE::Shift Supervisor,emails.csv
EMAIL::EML-00115,MENTIONS,EVENT::EVT-DRAFT-20240612-18,emails.csv
EMAIL::EML-00115,SENT_FROM,ROLE::Shift Supervisor,emails.csv
EMAIL::EML-00115,SENT_TO,ROLE::Maintenance Planner,emails.csv
EMAIL::EML-00116,MENTIONS,EVENT::EVT-DRAFT-20240512-16,emails.csv
EMAIL::EML-00116,SENT_FROM,ROLE::Control Room Operator,emails.csv
EMAIL::EML-00116,SENT_TO,ROLE::Performance Analyst,emails.csv
EMAIL::EML-00117,MENTIONS,EVENT::EVT-2023-05-TUBELEAK,emails.csv
EMAIL::EML-00117,SENT_FROM,ROLE::Reliability Engineer,emails.csv
EMAIL::EML-00117,SENT_TO,ROLE::Performance Analyst,emails.csv
EMAIL::EML-00118,MENTIONS,EVENT::EVT-DRAFT-20241219-26,emails.csv
EMAIL::EML-00118,SENT_FROM,ROLE::Maintenance Planner,emails.csv
EMAIL::EML-00118,SENT_TO,ROLE::Reliability Engineer,emails.csv
EMAIL::EML-00119,MENTIONS,EVENT::EVT-DRAFT-20230309-03,emails.csv
EMAIL::EML-00119,SENT_FROM,ROLE::Performance Analyst,emails.csv
EMAIL::EML-00119,SENT_TO,ROLE::Reliability Engineer,emails.csv
EMAIL::EML-00120,MENTIONS,EVENT::EVT-DRAFT-20230403-04,emails.csv
EMAIL::EML-00120,SENT_FROM,ROLE::Reliability Engineer,emails.csv
EMAIL::EML-00120,SENT_TO,ROLE::Performance Analyst,emails.csv
EMAIL::EML-00121,MENTIONS,EVENT::EVT-2024-03-CW-CONSTR,emails.csv
EMAIL::EML-00121,SENT_FROM,ROLE::Performance Analyst,emails.csv
EMAIL::EML-00121,SENT_TO,ROLE::Control Room Operator,emails.csv
EMAIL::EML-00122,MENTIONS,EVENT::EVT-2023-07-WETCOAL,emails.csv
EMAIL::EML-00122,SENT_FROM,ROLE::Maintenance Planner,emails.csv
EMAIL::EML-00122,SENT_TO,ROLE::Shift Supervisor,emails.csv
EMAIL::EML-00123,MENTIONS,EVENT::EVT-2023-03-MILLTRIP,emails.csv
EMAIL::EML-00123,SENT_FROM,ROLE::Maintenance Planner,emails.csv
EMAIL::EML-00123,SENT_TO,ROLE::Reliability Engineer,emails.csv
EMAIL::EML-00124,MENTIONS,EVENT::EVT-2024-06-AUXDRIFT,emails.csv
EMAIL::EML-00124,SENT_FROM,ROLE::Control Room Operator,emails.csv
EMAIL::EML-00124,SENT_TO,ROLE::Shift Supervisor,emails.csv
EMAIL::EML-00125,MENTIONS,EVENT::EVT-DRAFT-20230303-01,emails.csv
EMAIL::EML-00125,SENT_FROM,ROLE::Performance Analyst,emails.csv
EMAIL::EML-00125,SENT_TO,ROLE::Shift Supervisor,emails.csv
EMAIL::EML-00126,MENTIONS,EVENT::EVT-DRAFT-20240701-19,emails.csv
EMAIL::EML-00126,SENT_FROM,ROLE::Control Room Operator,emails.csv
EMAIL::EML-00126,SENT_TO,ROLE::Shift Supervisor,emails.csv
EMAIL::EML-00127,MENTIONS,EVENT::EVT-DRAFT-20240612-18,emails.csv
EMAIL::EML-00127,SENT_FROM,ROLE::Shift Supervisor,emails.csv
EMAIL::EML-00127,SENT_TO,ROLE::Reliability Engineer,emails.csv
EMAIL::EML-00128,MENTIONS,EVENT::EVT-DRAFT-20231230-11,emails.csv
EMAIL::EML-00128,SENT_FROM,ROLE::Control Room Operator,emails.csv
EMAIL::EML-00128,SENT_TO,ROLE::Performance Analyst,emails.csv
EMAIL::EML-00129,MENTIONS,EVENT::EVT-DRAFT-20230513-05,emails.csv
EMAIL::EML-00129,SENT_FROM,ROLE::Reliability Engineer,emails.csv
EMAIL::EML-00129,SENT_TO,ROLE::Control Room Operator,emails.csv
EMAIL::EML-00130,MENTIONS,EVENT::EVT-DRAFT-20241106-24,emails.csv
EMAIL::EML-00130,SENT_FROM,ROLE::Maintenance Planner,emails.csv
EMAIL::EML-00130,SENT_TO,ROLE::Reliability Engineer,emails.csv
EMAIL::EML-00131,MENTIONS,EVENT::EVT-DRAFT-20240612-18,emails.csv
EMAIL::EML-00131,SENT_FROM,ROLE::Reliability Engineer,emails.csv
EMAIL::EML-00131,SENT_TO,ROLE::Performance Analyst,emails.csv
EMAIL::EML-00132,MENTIONS,EVENT::EVT-2024-03-CW-CONSTR,emails.csv
EMAIL::EML-00132,SENT_FROM,ROLE::Maintenance Planner,emails.csv
EMAIL::EML-00132,SENT_TO,ROLE::Reliability Engineer,emails.csv
EMAIL::EML-00133,MENTIONS,EVENT::EVT-DRAFT-20241130-25,emails.csv
EMAIL::EML-00133,SENT_FROM,ROLE::Maintenance Planner,emails.csv
EMAIL::EML-00133,SENT_TO,ROLE::Performance Analyst,emails.csv
EMAIL::EML-00134,MENTIONS,EVENT::EVT-DRAFT-20240830-22,emails.csv
EMAIL::EML-00134,SENT_FROM,ROLE::Maintenance Planner,emails.csv
EMAIL::EML-00134,SENT_TO,ROLE::Shift Supervisor,emails.csv
EMAIL::EML-00135,MENTIONS,EVENT::EVT-DRAFT-20240720-20,emails.csv
EMAIL::EML-00135,SENT_FROM,ROLE::Reliability Engineer,emails.csv
EMAIL::EML-00135,SENT_TO,ROLE::Control Room Operator,emails.csv
EMAIL::EML-00136,MENTIONS,EVENT::EVT-DRAFT-20240612-18,emails.csv
EMAIL::EML-00136,SENT_FROM,ROLE::Reliability Engineer,emails.csv
EMAIL::EML-00136,SENT_TO,ROLE::Maintenance Planner,emails.csv
EMAIL::EML-00137,MENTIONS,EVENT::EVT-DRAFT-20241106-24,emails.csv
EMAIL::EML-00137,SENT_FROM,ROLE::Reliability Engineer,emails.csv
EMAIL::EML-00137,SENT_TO,ROLE::Shift Supervisor,emails.csv
EMAIL::EML-00138,MENTIONS,EVENT::EVT-DRAFT-20241219-26,emails.csv
EMAIL::EML-00138,SENT_FROM,ROLE::Reliability Engineer,emails.csv
EMAIL::EML-00138,SENT_TO,ROLE::Performance Analyst,emails.csv
EMAIL::EML-00139,MENTIONS,EVENT::EVT-2024-07-WETCOAL,emails.csv
EMAIL::EML-00139,SENT_FROM,ROLE::Maintenance Planner,emails.csv
EMAIL::EML-00139,SENT_TO,ROLE::Shift Supervisor,emails.csv
EMAIL::EML-00140,MENTIONS,EVENT::EVT-DRAFT-20230305-02,emails.csv
EMAIL::EML-00140,SENT_FROM,ROLE::Control Room Operator,emails.csv
EMAIL::EML-00140,SENT_TO,ROLE::Performance Analyst,emails.csv
EMAIL::EML-00141,MENTIONS,EVENT::EVT-DRAFT-20231108-09,emails.csv
EMAIL::EML-00141,SENT_FROM,ROLE::Reliability Engineer,emails.csv
EMAIL::EML-00141,SENT_TO,ROLE::Performance Analyst,emails.csv
EMAIL::EML-00142,MENTIONS,EVENT::EVT-2023-03-MILLTRIP,emails.csv
EMAIL::EML-00142,SENT_FROM,ROLE::Shift Supervisor,emails.csv
EMAIL::EML-00142,SENT_TO,ROLE::Reliability Engineer,emails.csv
EMAIL::EML-00143,MENTIONS,EVENT::EVT-2024-07-WETCOAL,emails.csv
EMAIL::EML-00143,SENT_FROM,ROLE::Reliability Engineer,emails.csv
EMAIL::EML-00143,SENT_TO,ROLE::Shift Supervisor,emails.csv
EMAIL::EML-00144,MENTIONS,EVENT::EVT-2023-02-TB-VIB,emails.csv
EMAIL::EML-00144,SENT_FROM,ROLE::Maintenance Planner,emails.csv
EMAIL::EML-00144,SENT_TO,ROLE::Reliability Engineer,emails.csv
EMAIL::EML-00145,MENTIONS,EVENT::EVT-DRAFT-20230513-05,emails.csv
EMAIL::EML-00145,SENT_FROM,ROLE::Performance Analyst,emails.csv
EMAIL::EML-00145,SENT_TO,ROLE::Shift Supervisor,emails.csv
EMAIL::EML-00146,MENTIONS,EVENT::EVT-DRAFT-20241130-25,emails.csv
EMAIL::EML-00146,SENT_FROM,ROLE::Control Room Operator,emails.csv
EMAIL::EML-00146,SENT_TO,ROLE::Reliability Engineer,emails.csv
EMAIL::EML-00147,MENTIONS,EVENT::EVT-DRAFT-20231104-08,emails.csv
EMAIL::EML-00147,SENT_FROM,ROLE::Maintenance Planner,emails.csv
EMAIL::EML-00147,SENT_TO,ROLE::Shift Supervisor,emails.csv
EMAIL::EML-00148,MENTIONS,EVENT::EVT-DRAFT-20230305-02,emails.csv
EMAIL::EML-00148,SENT_FROM,ROLE::Shift Supervisor,emails.csv
EMAIL::EML-00148,SENT_TO,ROLE::Control Room Operator,emails.csv
EMAIL::EML-00149,MENTIONS,EVENT::EVT-DRAFT-20231104-08,emails.csv
EMAIL::EML-00149,SENT_FROM,ROLE::Shift Supervisor,emails.csv
EMAIL::EML-00149,SENT_TO,ROLE::Maintenance Planner,emails.csv
EMAIL::EML-00150,MENTIONS,EVENT::EVT-DRAFT-20240724-21,emails.csv
EMAIL::EML-00150,SENT_FROM,ROLE::Control Room Operator,emails.csv
EMAIL::EML-00150,SENT_TO,ROLE::Maintenance Planner,emails.csv
EMAIL::EML-00151,MENTIONS,EVENT::EVT-DRAFT-20240112-13,emails.csv
EMAIL::EML-00151,SENT_FROM,ROLE::Reliability Engineer,emails.csv
EMAIL::EML-00151,SENT_TO,ROLE::Shift Supervisor,emails.csv
EMAIL::EML-00152,MENTIONS,EVENT::EVT-DRAFT-20240720-20,emails.csv
EMAIL::EML-00152,SENT_FROM,ROLE::Shift Supervisor,emails.csv
EMAIL::EML-00152,SENT_TO,ROLE::Performance Analyst,emails.csv
EMAIL::EML-00153,MENTIONS,EVENT::EVT-DRAFT-20241219-26,emails.csv
EMAIL::EML-00153,SENT_FROM,ROLE::Control Room Operator,emails.csv
EMAIL::EML-00153,SENT_TO,ROLE::Performance Analyst,emails.csv
EMAIL::EML-00154,MENTIONS,EVENT::EVT-DRAFT-20231108-09,emails.csv
EMAIL::EML-00154,SENT_FROM,ROLE::Reliability Engineer,emails.csv
EMAIL::EML-00154,SENT_TO,ROLE::Maintenance Planner,emails.csv
EMAIL::EML-00155,MENTIONS,EVENT::EVT-DRAFT-20240415-15,emails.csv
EMAIL::EML-00155,SENT_FROM,ROLE::Reliability Engineer,emails.csv
EMAIL::EML-00155,SENT_TO,ROLE::Maintenance Planner,emails.csv
EMAIL::EML-00156,MENTIONS,EVENT::EVT-DRAFT-20240408-14,emails.csv
EMAIL::EML-00156,SENT_FROM,ROLE::Performance Analyst,emails.csv
EMAIL::EML-00156,SENT_TO,ROLE::Reliability Engineer,emails.csv
EMAIL::EML-00157,MENTIONS,EVENT::EVT-DRAFT-20231230-11,emails.csv
EMAIL::EML-00157,SENT_FROM,ROLE::Performance Analyst,emails.csv
EMAIL::EML-00157,SENT_TO,ROLE::Shift Supervisor,emails.csv
EMAIL::EML-00158,MENTIONS,EVENT::EVT-DRAFT-20240902-23,emails.csv
EMAIL::EML-00158,SENT_FROM,ROLE::Reliability Engineer,emails.csv
EMAIL::EML-00158,SENT_TO,ROLE::Maintenance Planner,emails.csv
EMAIL::EML-00159,MENTIONS,EVENT::EVT-DRAFT-20231230-11,emails.csv
EMAIL::EML-00159,SENT_FROM,ROLE::Reliability Engineer,emails.csv
EMAIL::EML-00159,SENT_TO,ROLE::Shift Supervisor,emails.csv
EMAIL::EML-00160,MENTIONS,EVENT::EVT-DRAFT-20240902-23,emails.csv
EMAIL::EML-00160,SENT_FROM,ROLE::Reliability Engineer,emails.csv
EMAIL::EML-00160,SENT_TO,ROLE::Control Room Operator,emails.csv
EMAIL::EML-00161,MENTIONS,EVENT::EVT-DRAFT-20230524-06,emails.csv
EMAIL::EML-00161,SENT_FROM,ROLE::Maintenance Planner,emails.csv
EMAIL::EML-00161,SENT_TO,ROLE::Performance Analyst,emails.csv
EMAIL::EML-00162,MENTIONS,EVENT::EVT-2024-07-WETCOAL,emails.csv
EMAIL::EML-00162,SENT_FROM,ROLE::Shift Supervisor,emails.csv
EMAIL::EML-00162,SENT_TO,ROLE::Maintenance Planner,emails.csv
EMAIL::EML-00163,MENTIONS,EVENT::EVT-DRAFT-20230403-04,emails.csv
EMAIL::EML-00163,SENT_FROM,ROLE::Reliability Engineer,emails.csv
EMAIL::EML-00163,SENT_TO,ROLE::Performance Analyst,emails.csv
EMAIL::EML-00164,MENTIONS,EVENT::EVT-DRAFT-20240720-20,emails.csv
EMAIL::EML-00164,SENT_FROM,ROLE::Maintenance Planner,emails.csv
EMAIL::EML-00164,SENT_TO,ROLE::Control Room Operator,emails.csv
EMAIL::EML-00165,MENTIONS,EVENT::EVT-DRAFT-20230303-01,emails.csv
EMAIL::EML-00165,SENT_FROM,ROLE::Shift Supervisor,emails.csv
EMAIL::EML-00165,SENT_TO,ROLE::Performance Analyst,emails.csv
EMAIL::EML-00166,MENTIONS,EVENT::EVT-DRAFT-20231123-10,emails.csv
EMAIL::EML-00166,SENT_FROM,ROLE::Control Room Operator,emails.csv
EMAIL::EML-00166,SENT_TO,ROLE::Reliability Engineer,emails.csv
EMAIL::EML-00167,MENTIONS,EVENT::EVT-DRAFT-20230524-06,emails.csv
EMAIL::EML-00167,SENT_FROM,ROLE::Reliability Engineer,emails.csv
EMAIL::EML-00167,SENT_TO,ROLE::Maintenance Planner,emails.csv
EMAIL::EML-00168,MENTIONS,EVENT::EVT-2024-03-CW-CONSTR,emails.csv
EMAIL::EML-00168,SENT_FROM,ROLE::Reliability Engineer,emails.csv
EMAIL::EML-00168,SENT_TO,ROLE::Shift Supervisor,emails.csv
EMAIL::EML-00169,MENTIONS,EVENT::EVT-DRAFT-20230309-03,emails.csv
EMAIL::EML-00169,SENT_FROM,ROLE::Performance Analyst,emails.csv
EMAIL::EML-00169,SENT_TO,ROLE::Maintenance Planner,emails.csv
EMAIL::EML-00170,MENTIONS,EVENT::EVT-DRAFT-20240512-16,emails.csv
EMAIL::EML-00170,SENT_FROM,ROLE::Performance Analyst,emails.csv
EMAIL::EML-00170,SENT_TO,ROLE::Shift Supervisor,emails.csv
EMAIL::EML-00171,MENTIONS,EVENT::EVT-2024-02-TB-VIB,emails.csv
EMAIL::EML-00171,SENT_FROM,ROLE::Performance Analyst,emails.csv
EMAIL::EML-00171,SENT_TO,ROLE::Shift Supervisor,emails.csv
EMAIL::EML-00172,MENTIONS,EVENT::EVT-DRAFT-20240720-20,emails.csv
EMAIL::EML-00172,SENT_FROM,ROLE::Shift Supervisor,emails.csv
EMAIL::EML-00172,SENT_TO,ROLE::Performance Analyst,emails.csv
EMAIL::EML-00173,MENTIONS,EVENT::EVT-DRAFT-20231104-08,emails.csv
EMAIL::EML-00173,SENT_FROM,ROLE::Control Room Operator,emails.csv
EMAIL::EML-00173,SENT_TO,ROLE::Performance Analyst,emails.csv
EMAIL::EML-00174,MENTIONS,EVENT::EVT-2023-09-PM1,emails.csv
EMAIL::EML-00174,SENT_FROM,ROLE::Performance Analyst,emails.csv
EMAIL::EML-00174,SENT_TO,ROLE::Shift Supervisor,emails.csv
EMAIL::EML-00175,MENTIONS,EVENT::EVT-2023-03-MILLTRIP,emails.csv
EMAIL::EML-00175,SENT_FROM,ROLE::Shift Supervisor,emails.csv
EMAIL::EML-00175,SENT_TO,ROLE::Maintenance Planner,emails.csv
EMAIL::EML-00176,MENTIONS,EVENT::EVT-DRAFT-20230524-06,emails.csv
EMAIL::EML-00176,SENT_FROM,ROLE::Control Room Operator,emails.csv
EMAIL::EML-00176,SENT_TO,ROLE::Reliability Engineer,emails.csv
EMAIL::EML-00177,MENTIONS,EVENT::EVT-2023-03-MILLTRIP,emails.csv
EMAIL::EML-00177,SENT_FROM,ROLE::Shift Supervisor,emails.csv
EMAIL::EML-00177,SENT_TO,ROLE::Control Room Operator,emails.csv
EMAIL::EML-00178,MENTIONS,EVENT::EVT-2024-03-CW-CONSTR,emails.csv
EMAIL::EML-00178,SENT_FROM,ROLE::Performance Analyst,emails.csv
EMAIL::EML-00178,SENT_TO,ROLE::Control Room Operator,emails.csv
EMAIL::EML-00179,MENTIONS,EVENT::EVT-DRAFT-20240720-20,emails.csv
EMAIL::EML-00179,SENT_FROM,ROLE::Reliability Engineer,emails.csv
EMAIL::EML-00179,SENT_TO,ROLE::Performance Analyst,emails.csv
EMAIL::EML-00180,MENTIONS,EVENT::EVT-DRAFT-20231230-11,emails.csv
EMAIL::EML-00180,SENT_FROM,ROLE::Shift Supervisor,emails.csv
EMAIL::EML-00180,SENT_TO,ROLE::Control Room Operator,emails.csv
MEDIA::MED-0001,EVIDENCE_FOR,EVENT::EVT-2024-03-CW-CONSTR,media_metadata.csv
MEDIA::MED-0001,CAPTURED_AT,ASSET::STS-U1-CWP-2,media_metadata.csv
MEDIA::MED-0002,EVIDENCE_FOR,EVENT::EVT-DRAFT-20231123-10,media_metadata.csv
MEDIA::MED-0002,CAPTURED_AT,ASSET::STS-U1-IDF-A,media_metadata.csv
MEDIA::MED-0003,EVIDENCE_FOR,EVENT::EVT-DRAFT-20230303-01,media_metadata.csv
MEDIA::MED-0003,CAPTURED_AT,ASSET::STS-U1-IDF-A,media_metadata.csv
MEDIA::MED-0004,EVIDENCE_FOR,EVENT::EVT-DRAFT-20240106-12,media_metadata.csv
MEDIA::MED-0004,CAPTURED_AT,ASSET::STS-U1-IDF-A,media_metadata.csv
MEDIA::MED-0005,EVIDENCE_FOR,EVENT::EVT-DRAFT-20240106-12,media_metadata.csv
MEDIA::MED-0005,CAPTURED_AT,ASSET::STS-U1-IDF-A,media_metadata.csv
MEDIA::MED-0006,EVIDENCE_FOR,EVENT::EVT-2024-07-WETCOAL,media_metadata.csv
MEDIA::MED-0006,CAPTURED_AT,ASSET::STS-U1-MILL-3,media_metadata.csv
MEDIA::MED-0007,EVIDENCE_FOR,EVENT::EVT-DRAFT-20230403-04,media_metadata.csv
MEDIA::MED-0007,CAPTURED_AT,ASSET::STS-U1-IDF-A,media_metadata.csv
MEDIA::MED-0008,EVIDENCE_FOR,EVENT::EVT-2023-07-WETCOAL,media_metadata.csv
MEDIA::MED-0008,CAPTURED_AT,ASSET::STS-U1-MILL-3,media_metadata.csv
MEDIA::MED-0009,EVIDENCE_FOR,EVENT::EVT-2023-07-WETCOAL,media_metadata.csv
MEDIA::MED-0009,CAPTURED_AT,ASSET::STS-U1-MILL-3,media_metadata.csv
MEDIA::MED-0010,EVIDENCE_FOR,EVENT::EVT-2024-03-CW-CONSTR,media_metadata.csv
MEDIA::MED-0010,CAPTURED_AT,ASSET::STS-U1-CWP-2,media_metadata.csv
MEDIA::MED-0011,EVIDENCE_FOR,EVENT::EVT-DRAFT-20230524-06,media_metadata.csv
MEDIA::MED-0011,CAPTURED_AT,ASSET::STS-U1-IDF-A,media_metadata.csv
MEDIA::MED-0012,EVIDENCE_FOR,EVENT::EVT-2024-03-CW-CONSTR,media_metadata.csv
MEDIA::MED-0012,CAPTURED_AT,ASSET::STS-U1-CWP-2,media_metadata.csv
MEDIA::MED-0013,EVIDENCE_FOR,EVENT::EVT-DRAFT-20240512-16,media_metadata.csv
MEDIA::MED-0013,CAPTURED_AT,ASSET::STS-U1-IDF-A,media_metadata.csv
MEDIA::MED-0014,EVIDENCE_FOR,EVENT::EVT-DRAFT-20231230-11,media_metadata.csv
MEDIA::MED-0014,CAPTURED_AT,ASSET::STS-U1-IDF-A,media_metadata.csv
MEDIA::MED-0015,EVIDENCE_FOR,EVENT::EVT-DRAFT-20231230-11,media_metadata.csv
MEDIA::MED-0015,CAPTURED_AT,ASSET::STS-U1-IDF-A,media_metadata.csv
MEDIA::MED-0016,EVIDENCE_FOR,EVENT::EVT-DRAFT-20241130-25,media_metadata.csv
MEDIA::MED-0016,CAPTURED_AT,ASSET::STS-U1-IDF-A,media_metadata.csv
MEDIA::MED-0017,EVIDENCE_FOR,EVENT::EVT-2024-09-PM2,media_metadata.csv
MEDIA::MED-0017,CAPTURED_AT,ASSET::STS-U1-CTF-BANK1,media_metadata.csv
MEDIA::MED-0018,EVIDENCE_FOR,EVENT::EVT-DRAFT-20240531-17,media_metadata.csv
MEDIA::MED-0018,CAPTURED_AT,ASSET::STS-U1-IDF-A,media_metadata.csv
MEDIA::MED-0019,EVIDENCE_FOR,EVENT::EVT-DRAFT-20240112-13,media_metadata.csv
MEDIA::MED-0019,CAPTURED_AT,ASSET::STS-U1-IDF-A,media_metadata.csv
MEDIA::MED-0020,EVIDENCE_FOR,EVENT::EVT-DRAFT-20230305-02,media_metadata.csv
MEDIA::MED-0020,CAPTURED_AT,ASSET::STS-U1-IDF-A,media_metadata.csv
MEDIA::MED-0021,EVIDENCE_FOR,EVENT::EVT-2023-02-TB-VIB,media_metadata.csv
MEDIA::MED-0021,CAPTURED_AT,ASSET::STS-U1-TB-BRG2,media_metadata.csv
MEDIA::MED-0022,EVIDENCE_FOR,EVENT::EVT-2024-09-PM2,media_metadata.csv
MEDIA::MED-0022,CAPTURED_AT,ASSET::STS-U1-CTF-BANK1,media_metadata.csv
MEDIA::MED-0023,EVIDENCE_FOR,EVENT::EVT-DRAFT-20231108-09,media_metadata.csv
MEDIA::MED-0023,CAPTURED_AT,ASSET::STS-U1-IDF-A,media_metadata.csv
MEDIA::MED-0024,EVIDENCE_FOR,EVENT::EVT-2024-02-TB-VIB,media_metadata.csv
MEDIA::MED-0024,CAPTURED_AT,ASSET::STS-U1-TB-BRG2,media_metadata.csv
MEDIA::MED-0025,EVIDENCE_FOR,EVENT::EVT-DRAFT-20230927-07,media_metadata.csv
MEDIA::MED-0025,CAPTURED_AT,ASSET::STS-U1-IDF-A,media_metadata.csv
MEDIA::MED-0026,EVIDENCE_FOR,EVENT::EVT-2023-07-WETCOAL,media_metadata.csv
MEDIA::MED-0026,CAPTURED_AT,ASSET::STS-U1-MILL-3,media_metadata.csv
MEDIA::MED-0027,EVIDENCE_FOR,EVENT::EVT-DRAFT-20240415-15,media_metadata.csv
MEDIA::MED-0027,CAPTURED_AT,ASSET::STS-U1-IDF-A,media_metadata.csv
MEDIA::MED-0028,EVIDENCE_FOR,EVENT::EVT-DRAFT-20230927-07,media_metadata.csv
MEDIA::MED-0028,CAPTURED_AT,ASSET::STS-U1-IDF-A,media_metadata.csv
MEDIA::MED-0029,EVIDENCE_FOR,EVENT::EVT-DRAFT-20240112-13,media_metadata.csv
MEDIA::MED-0029,CAPTURED_AT,ASSET::STS-U1-IDF-A,media_metadata.csv
MEDIA::MED-0030,EVIDENCE_FOR,EVENT::EVT-DRAFT-20230403-04,media_metadata.csv
MEDIA::MED-0030,CAPTURED_AT,ASSET::STS-U1-IDF-A,media_metadata.csv
MEDIA::MED-0031,EVIDENCE_FOR,EVENT::EVT-2023-05-TUBELEAK,media_metadata.csv
MEDIA::MED-0031,CAPTURED_AT,ASSET::STS-U1-SH-OUT,media_metadata.csv
MEDIA::MED-0032,EVIDENCE_FOR,EVENT::EVT-2023-03-MILLTRIP,media_metadata.csv
MEDIA::MED-0032,CAPTURED_AT,ASSET::STS-U1-MILL-3,media_metadata.csv
MEDIA::MED-0033,EVIDENCE_FOR,EVENT::EVT-DRAFT-20241106-24,media_metadata.csv
MEDIA::MED-0033,CAPTURED_AT,ASSET::STS-U1-IDF-A,media_metadata.csv
MEDIA::MED-0034,EVIDENCE_FOR,EVENT::EVT-DRAFT-20241130-25,media_metadata.csv
MEDIA::MED-0034,CAPTURED_AT,ASSET::STS-U1-IDF-A,media_metadata.csv
MEDIA::MED-0035,EVIDENCE_FOR,EVENT::EVT-DRAFT-20230305-02,media_metadata.csv
MEDIA::MED-0035,CAPTURED_AT,ASSET::STS-U1-IDF-A,media_metadata.csv
MEDIA::MED-0036,EVIDENCE_FOR,EVENT::EVT-DRAFT-20240408-14,media_metadata.csv
MEDIA::MED-0036,CAPTURED_AT,ASSET::STS-U1-IDF-A,media_metadata.csv
MEDIA::MED-0037,EVIDENCE_FOR,EVENT::EVT-2024-06-AUXDRIFT,media_metadata.csv
MEDIA::MED-0037,CAPTURED_AT,ASSET::STS-U1-CTF-BANK1,media_metadata.csv
MEDIA::MED-0038,EVIDENCE_FOR,EVENT::EVT-DRAFT-20240408-14,media_metadata.csv
MEDIA::MED-0038,CAPTURED_AT,ASSET::STS-U1-IDF-A,media_metadata.csv
MEDIA::MED-0039,EVIDENCE_FOR,EVENT::EVT-2023-03-MILLTRIP,media_metadata.csv
MEDIA::MED-0039,CAPTURED_AT,ASSET::STS-U1-MILL-3,media_metadata.csv
MEDIA::MED-0040,EVIDENCE_FOR,EVENT::EVT-DRAFT-20240106-12,media_metadata.csv
MEDIA::MED-0040,CAPTURED_AT,ASSET::STS-U1-IDF-A,media_metadata.csv
MEDIA::MED-0041,EVIDENCE_FOR,EVENT::EVT-DRAFT-20230305-02,media_metadata.csv
MEDIA::MED-0041,CAPTURED_AT,ASSET::STS-U1-IDF-A,media_metadata.csv
MEDIA::MED-0042,EVIDENCE_FOR,EVENT::EVT-DRAFT-20231108-09,media_metadata.csv
MEDIA::MED-0042,CAPTURED_AT,ASSET::STS-U1-IDF-A,media_metadata.csv
MEDIA::MED-0043,EVIDENCE_FOR,EVENT::EVT-DRAFT-20240902-23,media_metadata.csv
MEDIA::MED-0043,CAPTURED_AT,ASSET::STS-U1-IDF-A,media_metadata.csv
MEDIA::MED-0044,EVIDENCE_FOR,EVENT::EVT-DRAFT-20240902-23,media_metadata.csv
MEDIA::MED-0044,CAPTURED_AT,ASSET::STS-U1-IDF-A,media_metadata.csv
MEDIA::MED-0045,EVIDENCE_FOR,EVENT::EVT-DRAFT-20241219-26,media_metadata.csv
MEDIA::MED-0045,CAPTURED_AT,ASSET::STS-U1-IDF-A,media_metadata.csv
MEDIA::MED-0046,EVIDENCE_FOR,EVENT::EVT-2024-06-AUXDRIFT,media_metadata.csv
MEDIA::MED-0046,CAPTURED_AT,ASSET::STS-U1-CTF-BANK1,media_metadata.csv
MEDIA::MED-0047,EVIDENCE_FOR,EVENT::EVT-DRAFT-20230309-03,media_metadata.csv
MEDIA::MED-0047,CAPTURED_AT,ASSET::STS-U1-IDF-A,media_metadata.csv
MEDIA::MED-0048,EVIDENCE_FOR,EVENT::EVT-DRAFT-20231108-09,media_metadata.csv
MEDIA::MED-0048,CAPTURED_AT,ASSET::STS-U1-IDF-A,media_metadata.csv
MEDIA::MED-0049,EVIDENCE_FOR,EVENT::EVT-DRAFT-20240724-21,media_metadata.csv
MEDIA::MED-0049,CAPTURED_AT,ASSET::STS-U1-IDF-A,media_metadata.csv
MEDIA::MED-0050,EVIDENCE_FOR,EVENT::EVT-DRAFT-20241130-25,media_metadata.csv
MEDIA::MED-0050,CAPTURED_AT,ASSET::STS-U1-IDF-A,media_metadata.csv
MEDIA::MED-0051,EVIDENCE_FOR,EVENT::EVT-DRAFT-20231123-10,media_metadata.csv
MEDIA::MED-0051,CAPTURED_AT,ASSET::STS-U1-IDF-A,media_metadata.csv
MEDIA::MED-0052,EVIDENCE_FOR,EVENT::EVT-2023-07-WETCOAL,media_metadata.csv
MEDIA::MED-0052,CAPTURED_AT,ASSET::STS-U1-MILL-3,media_metadata.csv
MEDIA::MED-0053,EVIDENCE_FOR,EVENT::EVT-DRAFT-20240701-19,media_metadata.csv
MEDIA::MED-0053,CAPTURED_AT,ASSET::STS-U1-IDF-A,media_metadata.csv
MEDIA::MED-0054,EVIDENCE_FOR,EVENT::EVT-DRAFT-20240531-17,media_metadata.csv
MEDIA::MED-0054,CAPTURED_AT,ASSET::STS-U1-IDF-A,media_metadata.csv
MEDIA::MED-0055,EVIDENCE_FOR,EVENT::EVT-DRAFT-20231230-11,media_metadata.csv
MEDIA::MED-0055,CAPTURED_AT,ASSET::STS-U1-IDF-A,media_metadata.csv
MEDIA::MED-0056,EVIDENCE_FOR,EVENT::EVT-2023-09-PM1,media_metadata.csv
MEDIA::MED-0056,CAPTURED_AT,ASSET::STS-U1-SH-OUT,media_metadata.csv
MEDIA::MED-0057,EVIDENCE_FOR,EVENT::EVT-2023-03-MILLTRIP,media_metadata.csv
MEDIA::MED-0057,CAPTURED_AT,ASSET::STS-U1-MILL-3,media_metadata.csv
MEDIA::MED-0058,EVIDENCE_FOR,EVENT::EVT-2023-03-MILLTRIP,media_metadata.csv
MEDIA::MED-0058,CAPTURED_AT,ASSET::STS-U1-MILL-3,media_metadata.csv
MEDIA::MED-0059,EVIDENCE_FOR,EVENT::EVT-DRAFT-20240724-21,media_metadata.csv
MEDIA::MED-0059,CAPTURED_AT,ASSET::STS-U1-IDF-A,media_metadata.csv
MEDIA::MED-0060,EVIDENCE_FOR,EVENT::EVT-DRAFT-20230927-07,media_metadata.csv
MEDIA::MED-0060,CAPTURED_AT,ASSET::STS-U1-IDF-A,media_metadata.csv
