date,unit_id,actual_total_revenue,revenue_target,total_revenue_loss,revenue_capture_ratio
2023-01-01,STS-U1,793472.722,806577.8130000001,13105.091000000131,0.9837522297430216
2023-01-02,STS-U1,868396.236,881934.32,13538.083999999915,0.9846495553092888
2023-01-03,STS-U1,872579.314,887082.474,14503.160000000033,0.983650719718762
2023-01-04,STS-U1,869351.442,883262.858,13911.415999999968,0.9842499705789736
2023-01-05,STS-U1,866477.505,880497.9,14020.39500000002,0.9840767422613956
2023-01-06,STS-U1,859162.3859999999,873917.975,14755.589000000036,0.9831155904534404
2023-01-07,STS-U1,791903.001,804788.2139999999,12885.212999999872,0.983989312000536
2023-01-08,STS-U1,796353.175,809545.889,13192.71399999992,0.9837035624795818
2023-01-09,STS-U1,869915.6619999999,884137.634,14221.972000000069,0.9839143008361072
2023-01-10,STS-U1,868756.625,882612.757,13856.131999999983,0.9843010064265364
2023-01-11,STS-U1,875192.351,889625.751,14433.400000000023,0.983775874311444
2023-01-12,STS-U1,871312.6740000001,885533.916,14221.241999999853,0.9839404886215564
2023-01-13,STS-U1,862843.583,877340.715,14497.131999999983,0.9834760524022872
2023-01-14,STS-U1,791339.2390000001,804632.726,13293.486999999965,0.983478813910435
2023-01-15,STS-U1,790150.695,802989.798,12839.103000000005,0.9840108765615974
2023-01-16,STS-U1,874282.3160000001,888548.921,14266.604999999863,0.98394392850768
2023-01-17,STS-U1,867509.103,880887.068,13377.964999999967,0.9848130759481192
2023-01-18,STS-U1,869638.4,883928.972,14290.571999999927,0.9838328955688987
2023-01-19,STS-U1,866680.152,881321.816,14641.66399999999,0.9833866996888228
2023-01-20,STS-U1,867990.6840000001,882646.728,14656.043999999878,0.9833953454592086
2023-01-21,STS-U1,791273.793,804126.0989999999,12852.305999999982,0.9840170515346002
2023-01-22,STS-U1,784716.369,798312.431,13596.062000000034,0.9829689962575566
2023-01-23,STS-U1,871662.281,885425.113,13762.832000000051,0.9844562439014534
2023-01-24,STS-U1,869670.3960000001,884134.522,14464.125999999933,0.9836403560317036
2023-01-25,STS-U1,868271.176,882810.451,14539.275000000023,0.9835306945182504
2023-01-26,STS-U1,865834.4969999999,880134.467,14299.970000000088,0.9837525167617368
2023-01-27,STS-U1,860859.338,876066.15,15206.812000000034,0.982641936342364
2023-01-28,STS-U1,800910.192,814405.904,13495.71199999994,0.983428764534104
2023-01-29,STS-U1,792720.5650000001,806022.4890000001,13301.924,0.9834968326795656
2023-01-30,STS-U1,872934.9559999999,887467.921,14532.965000000084,0.9836242362612676
2023-01-31,STS-U1,876124.7309999999,891039.1089999999,14914.378000000026,0.9832618143812584
2023-02-01,STS-U1,865286.712,879890.156,14603.4439999999,0.9834031056031044
2023-02-02,STS-U1,870363.4120000001,885381.17,15017.757999999914,0.9830380874262326
2023-02-03,STS-U1,869681.193,884224.393,14543.20000000007,0.9835525912707996
2023-02-04,STS-U1,790951.856,804621.31,13669.454000000029,0.9830113199462738
2023-02-05,STS-U1,790345.4530000001,803371.181,13025.727999999886,0.9837861647168048
2023-02-06,STS-U1,866705.831,881310.441,14604.609999999986,0.9834285294709224
2023-02-07,STS-U1,864765.1840000001,879358.96,14593.775999999838,0.9834040742588216
2023-02-08,STS-U1,864578.508,878890.314,14311.805999999982,0.9837160499188298
2023-02-09,STS-U1,866929.524,881095.354,14165.830000000076,0.98392247792967
2023-02-10,STS-U1,866360.123,880596.269,14236.14599999995,0.9838335154245356
2023-02-11,STS-U1,788533.9580000001,801635.408,13101.449999999952,0.98365659766366
2023-02-12,STS-U1,789345.452,803351.4739999999,14006.02199999988,0.982565511543457
2023-02-13,STS-U1,875139.1309999999,889942.887,14803.756000000052,0.9833654988244206
2023-02-14,STS-U1,609420.012,884555.296,275135.284,0.6889563770132014
2023-02-15,STS-U1,854698.606,884551.652,29853.045999999973,0.966250646943566
2023-02-16,STS-U1,861202.116,881490.219,20288.103000000003,0.9769843129705787
2023-02-17,STS-U1,860701.507,874896.731,14195.224000000046,0.9837749719515182
2023-02-18,STS-U1,791008.1569999999,803742.6140000001,12734.45700000017,0.9841560509817636
2023-02-19,STS-U1,793942.5059999999,807858.5009999999,13915.994999999995,0.9827742172883318
2023-02-20,STS-U1,872718.435,887605.317,14886.881999999983,0.983228038729741
2023-02-21,STS-U1,866250.962,880566.451,14315.488999999943,0.9837428634900378
2023-02-22,STS-U1,877538.1449999999,892085.478,14547.3330000001,0.9836928933843712
2023-02-23,STS-U1,864673.8010000001,879296.642,14622.840999999898,0.9833698432343156
2023-02-24,STS-U1,867385.9619999999,882400.188,15014.226000000024,0.9829847883033316
2023-02-25,STS-U1,795071.122,808569.8,13498.678000000073,0.9833054882831388
2023-02-26,STS-U1,793764.5499999999,806439.617,12675.06700000004,0.9842826831261688
2023-02-27,STS-U1,868501.908,882351.519,13849.610999999915,0.9843037489007824
2023-02-28,STS-U1,867895.679,883649.34,15753.660999999964,0.9821720446257562
2023-03-01,STS-U1,865285.0490000001,879332.947,14047.897999999928,0.9840243697817456
2023-03-02,STS-U1,868773.479,883341.529,14568.04999999993,0.9835080209389772
2023-03-03,STS-U1,864385.143,885748.969,21363.826,0.9758804957750958
2023-03-04,STS-U1,792867.126,806768.6529999999,13901.526999999884,0.982768880585151
2023-03-05,STS-U1,787750.266,804971.5989999999,17221.332999999984,0.9786062849653407
2023-03-06,STS-U1,872044.172,887159.97,15115.797999999952,0.982961586961594
2023-03-07,STS-U1,866061.7289999999,880256.776,14195.04700000002,0.9838739702016222
2023-03-08,STS-U1,866719.5329999999,881616.999,14897.466000000017,0.9831021112150764
2023-03-09,STS-U1,652970.9569999999,882815.983,229845.02600000007,0.7396455995065507
2023-03-10,STS-U1,856747.8989999999,887730.116,30982.21700000018,0.9650995089142608
2023-03-11,STS-U1,776786.72,804563.389,27776.668999999994,0.9654760962532436
2023-03-12,STS-U1,789573.118,802885.395,13312.277000000002,0.9834194555251562
2023-03-13,STS-U1,865914.401,880245.048,14330.646999999995,0.9837197073331334
2023-03-14,STS-U1,874201.895,889063.855,14861.959999999965,0.9832835854068098
2023-03-15,STS-U1,868794.201,885412.954,16618.753000000026,0.981230506144142
2023-03-16,STS-U1,871102.693,886976.222,15873.52899999998,0.982103771661198
2023-03-17,STS-U1,868762.4990000001,883403.447,14640.947999999977,0.9834266573786644
2023-03-18,STS-U1,788654.275,801922.548,13268.272999999928,0.9834544208376592
2023-03-19,STS-U1,796649.09,810482.467,13833.37699999998,0.9829319231898944
2023-03-20,STS-U1,872183.7989999999,887284.007,15100.2080000001,0.9829815393032324
2023-03-21,STS-U1,874685.649,889660.169,14974.52000000002,0.9831682697261452
2023-03-22,STS-U1,872186.4249999999,887575.7390000001,15389.31400000013,0.9826614075579186
2023-03-23,STS-U1,867808.829,881796.093,13987.263999999966,0.9841377568906964
2023-03-24,STS-U1,868025.422,882394.634,14369.21199999994,0.9837156625320096
2023-03-25,STS-U1,790372.238,804194.306,13822.06799999997,0.9828125269019252
2023-03-26,STS-U1,789841.3979999999,804334.6869999999,14493.28899999999,0.9819810220369124
2023-03-27,STS-U1,874659.8150000001,889757.951,15098.13599999994,0.983031187321191
2023-03-28,STS-U1,868544.75,883088.687,14543.937000000034,0.9835306043276262
2023-03-29,STS-U1,877826.649,891886.868,14060.21900000004,0.9842354232308306
2023-03-30,STS-U1,869527.3430000001,885669.247,16141.903999999864,0.9817743428998164
2023-03-31,STS-U1,867770.08,884280.156,16510.076,0.9813293605109464
2023-04-01,STS-U1,1045988.408,1071080.646,25092.23800000001,0.9765729703979732
2023-04-02,STS-U1,1048798.106,1075850.185,27052.079000000143,0.974855161641302
2023-04-03,STS-U1,1115869.969,1176369.995,60500.02600000007,0.9485705804660548
2023-04-04,STS-U1,1144231.168,1172121.284,27890.11599999992,0.9762054350682708
2023-04-05,STS-U1,1139135.927,1166466.737,27330.810000000056,0.9765695761970108
2023-04-06,STS-U1,1140878.3210000002,1169375.278,28496.956999999704,0.975630614451899
2023-04-07,STS-U1,1138993.816,1166704.591,27710.774999999907,0.9762486792168628
2023-04-08,STS-U1,1050463.3,1074820.366,24357.065999999875,0.9773384774140018
2023-04-09,STS-U1,1049471.5280000002,1074587.687,25116.158999999752,0.976627166583196
2023-04-10,STS-U1,1150373.8860000002,1178286.812,27912.925999999745,0.9763105843876664
2023-04-11,STS-U1,1140728.885,1167978.84,27249.95499999984,0.9766691364031904
2023-04-12,STS-U1,1138576.572,1166524.023,27947.45100000012,0.9760421127649592
2023-04-13,STS-U1,1142321.0550000002,1170975.776,28654.720999999903,0.9755291940385964
2023-04-14,STS-U1,1145678.852,1174327.335,28648.483000000007,0.9756043462958308
2023-04-15,STS-U1,1055603.6220000002,1081533.308,25929.685999999758,0.9760250694008216
2023-04-16,STS-U1,1043184.22,1067437.601,24253.380999999936,0.977278877025431
2023-04-17,STS-U1,1142457.4599999995,1169167.4640000002,26710.004000000423,0.977154680725874
2023-04-18,STS-U1,1143297.958,1171721.21,28423.251999999866,0.9757423081895054
2023-04-19,STS-U1,1139642.239,1166190.142,26547.902999999933,0.9772353563592378
2023-04-20,STS-U1,1140787.414,1166732.029,25944.615000000224,0.9777630043959304
2023-04-21,STS-U1,1145596.374,1173492.003,27895.62899999996,0.9762285308049092
2023-04-22,STS-U1,1057263.662,1081945.547,24681.88500000001,0.9771874979582498
2023-04-23,STS-U1,1049624.8010000002,1074380.883,24756.081999999704,0.9769578159927108
2023-04-24,STS-U1,1145647.014,1172165.567,26518.553000000076,0.9773764442954328
2023-04-25,STS-U1,1141339.1009999998,1169607.073,28267.972000000067,0.9758312234488342
2023-04-26,STS-U1,1142713.35,1170569.265,27855.91500000027,0.976203104051258
2023-04-27,STS-U1,1143894.7600000002,1170900.785,27006.024999999907,0.9769356846062752
2023-04-28,STS-U1,1143111.785,1170103.292,26991.506999999983,0.9769323723943508
2023-04-29,STS-U1,1056946.447,1081407.879,24461.43200000003,0.9773800131522808
2023-04-30,STS-U1,1048073.896,1072761.552,24687.656000000192,0.976986818781887
2023-05-01,STS-U1,1143867.384,1171405.486,27538.101999999955,0.976491400860658
2023-05-02,STS-U1,1135214.4740000002,1162025.3930000002,26810.918999999994,0.976927424166883
2023-05-03,STS-U1,1143027.014,1171492.158,28465.144000000088,0.9757018057648832
2023-05-04,STS-U1,1139959.715,1167474.621,27514.90599999996,0.9764321163774574
2023-05-05,STS-U1,1145359.979,1174168.389,28808.40999999992,0.9754648393962172
2023-05-06,STS-U1,1059072.5480000002,1083915.348,24842.799999999814,0.9770804979873762
2023-05-07,STS-U1,1052228.5819999997,1076546.181,24317.59900000016,0.9774114669401256
2023-05-08,STS-U1,1140857.29,1168834.074,27976.783999999985,0.9760643665150373
2023-05-09,STS-U1,1143603.877,1171093.972,27490.095000000205,0.976526140807426
2023-05-10,STS-U1,1135551.4319999998,1162409.853,26858.42100000032,0.9768941901768272
2023-05-11,STS-U1,1140669.3809999998,1169148.703,28479.32200000016,0.9756409754149123
2023-05-12,STS-U1,322464.926,1178758.394,856293.4679999999,0.2735632065412041
2023-05-13,STS-U1,1015719.698,1071462.517,55742.8189999999,0.9479750172165846
2023-05-14,STS-U1,1036422.235,1074332.2859999998,37910.05099999986,0.9647129184387186
2023-05-15,STS-U1,1148118.4009999998,1175374.595,27256.19400000013,0.9768106320181268
2023-05-16,STS-U1,1145408.5369999998,1173028.429,27619.892000000225,0.9764542006679702
2023-05-17,STS-U1,1147029.741,1175162.145,28132.404000000097,0.9760608320139514
2023-05-18,STS-U1,1136638.021,1162873.979,26235.9580000001,0.9774386920046476
2023-05-19,STS-U1,1134797.486,1162834.595,28037.10899999994,0.9758889964913712
2023-05-20,STS-U1,1052564.935,1077607.847,25042.91200000001,0.976760644357112
2023-05-21,STS-U1,1044635.675,1069829.341,25193.66599999997,0.976450761785566
2023-05-22,STS-U1,1143873.18,1170287.581,26414.40100000007,0.9774291367106288
2023-05-23,STS-U1,1147046.166,1175292.569,28246.40300000017,0.9759664923057978
2023-05-24,STS-U1,1125116.978,1166640.17,41523.19200000004,0.9644078842236332
2023-05-25,STS-U1,1140959.9049999998,1167747.88,26787.975000000093,0.9770601381866776
2023-05-26,STS-U1,1137321.194,1165023.384,27702.189999999944,0.9762217734163524
2023-05-27,STS-U1,1053040.583,1077984.497,24943.913999999877,0.9768606004358892
2023-05-28,STS-U1,1048984.646,1072589.225,23604.579000000143,0.977992899378604
2023-05-29,STS-U1,1144804.0920000002,1171980.1630000002,27176.071,0.9768118336316928
2023-05-30,STS-U1,1146667.847,1174686.926,28019.07899999991,0.9761476199489088
2023-05-31,STS-U1,1145861.742,1174075.885,28214.142999999924,0.9759690635328908
2023-06-01,STS-U1,1148475.264,1176151.035,27675.771000000183,0.9764692032090928
2023-06-02,STS-U1,1137233.4230000002,1166465.606,29232.18299999996,0.9749395242777524
2023-06-03,STS-U1,1047889.818,1072392.8390000002,24503.021000000183,0.9771510773767856
2023-06-04,STS-U1,1054308.1420000002,1077954.7489999998,23646.60699999961,0.9780634511588392
2023-06-05,STS-U1,1141329.978,1168545.903,27215.924999999814,0.9767095798888784
2023-06-06,STS-U1,1152318.3909999998,1179242.13,26923.73900000006,0.977168608282338
2023-06-07,STS-U1,1144554.12,1171274.4819999998,26720.361999999965,0.9771869340529185
2023-06-08,STS-U1,1143323.981,1171109.127,27785.14599999972,0.9762745030677232
2023-06-09,STS-U1,1145465.49,1173329.671,27864.1810000001,0.9762520443412532
2023-06-10,STS-U1,1049574.2060000002,1074060.2340000002,24486.027999999933,0.977202369825378
2023-06-11,STS-U1,1052426.31,1076886.9,24460.58999999985,0.9772858319661982
2023-06-12,STS-U1,1145562.85,1172790.954,27228.103999999817,0.9767834975984988
2023-06-13,STS-U1,1147305.877,1174853.159,27547.282000000123,0.9765525744311336
2023-06-14,STS-U1,1135482.1239999998,1162895.379,27413.25500000012,0.9764267229064292
2023-06-15,STS-U1,1142762.8719999995,1169853.257,27090.38500000024,0.9768429203937326
2023-06-16,STS-U1,1144902.861,1172229.704,27326.84299999988,0.9766881500214912
2023-06-17,STS-U1,1052950.5620000002,1076239.909,23289.346999999834,0.978360450299934
2023-06-18,STS-U1,1051772.787,1075108.792,23336.00499999989,0.9782942850308308
2023-06-19,STS-U1,1137140.671,1164446.715,27306.04399999976,0.9765501987783102
2023-06-20,STS-U1,1143814.2599999998,1170843.679,27029.419000000227,0.9769145792177094
2023-06-21,STS-U1,1145100.6280000005,1172552.875,27452.24699999974,0.976587625526056
2023-06-22,STS-U1,1139450.124,1167894.526,28444.402,0.9756447167387444
2023-06-23,STS-U1,1145163.7319999998,1172220.35,27056.61800000025,0.9769184880641252
2023-06-24,STS-U1,1055252.215,1079333.394,24081.17899999977,0.9776888409699296
2023-06-25,STS-U1,1058428.9670000002,1082746.098,24317.13099999982,0.9775412434688822
2023-06-26,STS-U1,1140673.1149999998,1168311.926,27638.81100000022,0.9763429522673552
2023-06-27,STS-U1,1150532.955,1177580.0529999998,27047.097999999765,0.9770316269105488
2023-06-28,STS-U1,1145813.071,1173363.611,27550.54000000004,0.9765200320329348
2023-06-29,STS-U1,1144984.387,1172444.279,27459.891999999996,0.9765789364221036
2023-06-30,STS-U1,1141687.7189999998,1168571.281,26883.56200000015,0.9769945039407484
2023-07-01,STS-U1,821893.6369999999,844309.409,22415.772000000117,0.9734507613428716
2023-07-02,STS-U1,823352.617,844185.9720000001,20833.355000000098,0.9753213679319466
2023-07-03,STS-U1,905233.871,928199.006,22965.13500000001,0.975258393026118
2023-07-04,STS-U1,910521.564,932890.665,22369.101000000024,0.9760217334793462
2023-07-05,STS-U1,901357.365,923722.867,22365.50199999998,0.9757876493058604
2023-07-06,STS-U1,906508.651,929484.895,22976.244000000064,0.975280669838104
2023-07-07,STS-U1,900772.934,924130.957,23358.023000000045,0.974724336607198
2023-07-08,STS-U1,820134.581,841070.565,20935.98399999994,0.9751079340174033
2023-07-09,STS-U1,823333.5480000001,843555.869,20222.32099999988,0.9760272890709982
2023-07-10,STS-U1,906531.009,929263.076,22732.06700000004,0.9755375333561622
2023-07-11,STS-U1,902783.052,925038.186,22255.13399999996,0.975941388867162
2023-07-12,STS-U1,905961.495,928709.339,22747.84400000004,0.9755059596746448
2023-07-13,STS-U1,903355.092,925337.995,21982.90300000005,0.9762433801283604
2023-07-14,STS-U1,907138.175,928799.091,21660.916000000085,0.97667857752027
2023-07-15,STS-U1,800006.354,843308.851,43302.49699999997,0.9486516749484466
2023-07-16,STS-U1,800977.967,843394.931,42416.96400000004,0.9497068781884818
2023-07-17,STS-U1,888506.0650000001,932828.078,44322.01299999992,0.9524864076829388
2023-07-18,STS-U1,888278.101,932917.05,44638.94900000002,0.9521512132295148
2023-07-19,STS-U1,887642.5859999999,932331.588,44689.002000000095,0.9520674805238928
2023-07-20,STS-U1,882202.576,926530.144,44327.56799999997,0.9521574464823888
2023-07-21,STS-U1,879700.1320000001,924227.402,44527.2699999999,0.9518221707085894
2023-07-22,STS-U1,801444.279,844199.2220000001,42754.94300000009,0.9493544392297484
2023-07-23,STS-U1,799476.529,843056.723,43580.19400000002,0.9483069254878594
2023-07-24,STS-U1,882299.4260000001,926838.644,44539.21799999988,0.951945014066548
2023-07-25,STS-U1,887549.5309999998,931856.779,44307.24800000014,0.9524527277168628
2023-07-26,STS-U1,884555.7870000001,928218.667,43662.87999999989,0.9529605667798966
2023-07-27,STS-U1,884591.0059999998,928780.615,44189.60900000017,0.9524219085903292
2023-07-28,STS-U1,878711.067,922769.655,44058.58799999999,0.9522539695998132
2023-07-29,STS-U1,802430.1900000001,845614.619,43184.42899999989,0.9489313121725964
2023-07-30,STS-U1,802817.5109999999,845374.684,42557.17300000007,0.9496588035986182
2023-07-31,STS-U1,884419.585,929086.143,44666.55800000008,0.951924201715276
2023-08-01,STS-U1,874796.759,918769.935,43973.176000000094,0.9521390782122184
2023-08-02,STS-U1,878036.029,922429.008,44392.97900000005,0.9518738259367489
2023-08-03,STS-U1,885671.8230000001,929135.807,43463.98399999994,0.9532210644853556
2023-08-04,STS-U1,888645.386,932292.984,43647.598,0.9531825308684292
2023-08-05,STS-U1,805556.5440000001,848777.619,43221.07499999984,0.9490784464240216
2023-08-06,STS-U1,807289.0630000001,850763.702,43474.63899999997,0.9488992784978972
2023-08-07,STS-U1,890708.054,934788.44,44080.38599999994,0.9528445323949448
2023-08-08,STS-U1,888475.398,932319.291,43843.89299999992,0.95297330708134
2023-08-09,STS-U1,885326.713,930331.966,45005.253000000026,0.9516245225954107
2023-08-10,STS-U1,882590.63,927099.06,44508.429999999935,0.951991721359312
2023-08-11,STS-U1,879699.166,923853.741,44154.57500000007,0.9522060981728492
2023-08-12,STS-U1,798924.9460000001,841837.236,42912.28999999992,0.9490254313245892
2023-08-13,STS-U1,803721.242,846877.965,43156.723,0.9490402102975958
2023-08-14,STS-U1,881206.238,925455.551,44249.312999999966,0.9521864524425984
2023-08-15,STS-U1,885728.555,929277.271,43548.7159999999,0.9531370051124388
2023-08-16,STS-U1,882094.1689999999,925772.518,43678.34900000016,0.9528195661993066
2023-08-17,STS-U1,881615.926,926245.187,44629.26100000006,0.9518170117088014
2023-08-18,STS-U1,878469.337,921846.296,43376.95899999992,0.952945562412934
2023-08-19,STS-U1,806177.375,848108.711,41931.33600000001,0.950559007994908
2023-08-20,STS-U1,805909.099,848795.369,42886.2699999999,0.9494739585460676
2023-08-21,STS-U1,881400.45,926111.616,44711.166000000085,0.9517216227206894
2023-08-22,STS-U1,885464.9630000001,929661.127,44196.16399999987,0.9524599203769872
2023-08-23,STS-U1,883691.453,928083.824,44392.37100000004,0.9521677138939122
2023-08-24,STS-U1,886292.434,930408.855,44116.42099999997,0.9525838336953488
2023-08-25,STS-U1,883591.556,927430.28,43838.724000000046,0.9527309761764516
2023-08-26,STS-U1,801458.208,844862.253,43404.04500000004,0.948625891562941
2023-08-27,STS-U1,801575.9990000001,844886.537,43310.53799999994,0.9487380422064888
2023-08-28,STS-U1,878557.6390000001,922668.52,44110.880999999936,0.9521920602645032
2023-08-29,STS-U1,881696.3109999999,924838.567,43142.25600000017,0.9533515820604828
2023-08-30,STS-U1,880207.097,924514.718,44307.62100000004,0.9520747261916492
2023-08-31,STS-U1,887190.9480000001,933863.629,46672.680999999866,0.9500219522951356
2023-09-01,STS-U1,886685.0079999999,930865.446,44180.43800000008,0.95253831991525
2023-09-02,STS-U1,800392.792,842817.0530000001,42424.26100000006,0.9496637368109826
2023-09-03,STS-U1,799978.625,842305.585,42326.95999999996,0.9497486888918112
2023-09-04,STS-U1,883557.518,927031.954,43474.43599999999,0.9531036273211356
2023-09-05,STS-U1,0.0,921638.488,921638.488,0.0
2023-09-06,STS-U1,0.0,930202.082,930202.082,0.0
2023-09-07,STS-U1,0.0,928093.095,928093.095,0.0
2023-09-08,STS-U1,0.0,928474.095,928474.095,0.0
2023-09-09,STS-U1,0.0,842614.8219999999,842614.8219999999,0.0
2023-09-10,STS-U1,0.0,842966.6159999999,842966.6159999999,0.0
2023-09-11,STS-U1,0.0,926116.393,926116.393,0.0
2023-09-12,STS-U1,883487.322,928133.271,44645.94899999991,0.9518970492762348
2023-09-13,STS-U1,879172.775,922534.551,43361.775999999954,0.9529971251992708
2023-09-14,STS-U1,879478.633,922763.575,43284.94199999992,0.9530920561098222
2023-09-15,STS-U1,905891.352,927701.835,21810.483000000007,0.9764897705521948
2023-09-16,STS-U1,817076.509,837583.235,20506.726000000024,0.9755167902805504
2023-09-17,STS-U1,826075.044,846618.905,20543.861000000037,0.9757342283775248
2023-09-18,STS-U1,906733.158,929643.161,22910.00299999991,0.9753561323730322
2023-09-19,STS-U1,911155.255,933229.07,22073.814999999944,0.9763468416173534
2023-09-20,STS-U1,905690.554,927864.371,22173.81700000004,0.9761023079525056
2023-09-21,STS-U1,905210.477,928410.334,23199.85700000008,0.9750112033974838
2023-09-22,STS-U1,902842.639,927252.596,24409.957000000053,0.9736749650469568
2023-09-23,STS-U1,824921.869,845605.636,20683.76700000011,0.9755397006365268
2023-09-24,STS-U1,823701.206,844202.308,20501.101999999955,0.975715415836082
2023-09-25,STS-U1,908170.319,930817.74,22647.42100000009,0.9756693281329166
2023-09-26,STS-U1,906955.263,928985.986,22030.723000000115,0.9762851933914964
2023-09-27,STS-U1,894977.723,925435.658,30457.935000000056,0.9670880036481152
2023-09-28,STS-U1,903057.541,925124.198,22066.65699999989,0.976147357243811
2023-09-29,STS-U1,902655.216,924371.757,21716.54099999997,0.9765067021622558
2023-09-30,STS-U1,823444.2349999999,844014.7679999999,20570.53300000005,0.9756277570252182
2023-10-01,STS-U1,790162.927,803166.613,13003.685999999989,0.9838094788932668
2023-10-02,STS-U1,866767.544,880984.117,14216.572999999977,0.983862849822524
2023-10-03,STS-U1,864306.219,877559.25,13253.03099999996,0.9848978504870184
2023-10-04,STS-U1,867114.782,880391.679,13276.896999999995,0.98491932929775
2023-10-05,STS-U1,870990.924,884792.954,13802.030000000028,0.9844008364469864
2023-10-06,STS-U1,873312.2840000001,887220.85,13908.565999999875,0.9843234455096498
2023-10-07,STS-U1,791330.348,804505.4110000001,13175.063000000082,0.9836234003900316
2023-10-08,STS-U1,789698.026,801960.298,12262.271999999995,0.9847096271092464
2023-10-09,STS-U1,869293.7450000001,882845.24,13551.49499999988,0.9846502032451352
2023-10-10,STS-U1,871005.417,885002.026,13996.60899999994,0.9841846588043855
2023-10-11,STS-U1,872707.133,886506.296,13799.162999999942,0.984434218840562
2023-10-12,STS-U1,871922.0,885254.138,13332.138000000035,0.9849397620099009
2023-10-13,STS-U1,874302.455,887635.115,13332.660000000033,0.9849795712509638
2023-10-14,STS-U1,786218.5030000001,799080.379,12861.875999999816,0.9839041524006688
2023-10-15,STS-U1,790524.484,803599.723,13075.238999999943,0.9837291643765288
2023-10-16,STS-U1,872782.385,886421.584,13639.199000000022,0.9846131916841953
2023-10-17,STS-U1,871255.0,885375.532,14120.532000000008,0.9840513640939424
2023-10-18,STS-U1,870349.634,883979.861,13630.227000000072,0.9845808399021886
2023-10-19,STS-U1,862057.5260000001,875423.734,13366.207999999984,0.9847317276412796
2023-10-20,STS-U1,866374.852,879510.514,13135.662000000011,0.9850648038984102
2023-10-21,STS-U1,795732.476,808249.727,12517.250999999933,0.9845131392169342
2023-10-22,STS-U1,785612.899,798377.186,12764.287000000011,0.9840122097376666
2023-10-23,STS-U1,870382.3,884082.798,13700.497999999903,0.9845031505748176
2023-10-24,STS-U1,867305.172,882517.425,15212.253000000026,0.982762659898755
2023-10-25,STS-U1,873395.7660000001,888263.23,14867.46399999992,0.9832623219132914
2023-10-26,STS-U1,871993.6749999999,886244.27,14250.595000000088,0.983920240183894
2023-10-27,STS-U1,871690.094,886120.884,14430.78999999992,0.9837146485760966
2023-10-28,STS-U1,791461.367,803545.1359999999,12083.768999999971,0.984961928759656
2023-10-29,STS-U1,791178.289,804435.4380000001,13257.149000000092,0.9835199341379588
2023-10-30,STS-U1,867164.784,880998.42,13833.636000000057,0.9842977743365304
2023-10-31,STS-U1,870793.398,884388.285,13594.886999999988,0.984627920529273
2023-11-01,STS-U1,868872.617,882801.251,13928.634000000078,0.984222231239226
2023-11-02,STS-U1,874908.376,889018.513,14110.136999999988,0.984128410383283
2023-11-03,STS-U1,875130.959,889252.719,14121.76000000001,0.9841195200213944
2023-11-04,STS-U1,790835.522,808347.657,17512.13500000001,0.9783358869808662
2023-11-05,STS-U1,789697.8409999999,803287.45,13589.609000000057,0.9830825080112976
2023-11-06,STS-U1,870865.227,884316.419,13451.19200000004,0.9847891640243308
2023-11-07,STS-U1,865532.69,878989.262,13456.572000000044,0.9846908573497454
2023-11-08,STS-U1,866801.147,885678.623,18877.476000000024,0.9786858624451636
2023-11-09,STS-U1,874927.504,888227.419,13299.915000000035,0.9850264530057252
2023-11-10,STS-U1,867607.543,881425.375,13817.832000000051,0.9843233104107084
2023-11-11,STS-U1,788881.084,801734.685,12853.601000000024,0.983967762352704
2023-11-12,STS-U1,791863.2719999999,803895.412,12032.14000000013,0.9850327047270172
2023-11-13,STS-U1,865322.238,879512.782,14190.543999999994,0.9838654488139094
2023-11-14,STS-U1,866300.203,880066.884,13766.680999999982,0.9843572332395591
2023-11-15,STS-U1,871533.135,885568.298,14035.162999999942,0.9841512359558292
2023-11-16,STS-U1,870353.616,884467.785,14114.168999999994,0.9840421898464058
2023-11-17,STS-U1,878291.191,891604.025,13312.834000000032,0.98506866991768
2023-11-18,STS-U1,789521.3609999998,802449.802,12928.441000000224,0.9838887853573172
2023-11-19,STS-U1,788590.466,801096.046,12505.579999999958,0.9843894124026172
2023-11-20,STS-U1,870634.771,884058.788,13424.016999999993,0.9848154702128248
2023-11-21,STS-U1,869657.686,883365.232,13707.545999999971,0.9844825837564772
2023-11-22,STS-U1,859475.547,873598.991,14123.444000000018,0.983833035356608
2023-11-23,STS-U1,857184.9859999999,881357.146,24172.160000000036,0.9725739331555836
2023-11-24,STS-U1,862812.346,877115.319,14302.972999999998,0.983693167032692
2023-11-25,STS-U1,792932.7609999999,805989.694,13056.933000000075,0.9838001241241676
2023-11-26,STS-U1,787135.847,799466.962,12331.115000000107,0.984575829163532
2023-11-27,STS-U1,865167.879,879009.938,13842.059000000008,0.9842526706450048
2023-11-28,STS-U1,864469.357,878763.793,14294.435999999989,0.9837334718227292
2023-11-29,STS-U1,871389.4550000001,884343.858,12954.402999999931,0.985351395972493
2023-11-30,STS-U1,874283.353,889406.633,15123.280000000028,0.9829962140612908
2023-12-01,STS-U1,869012.558,883560.48,14547.92200000002,0.9835348882964978
2023-12-02,STS-U1,791884.4160000001,805249.952,13365.535999999964,0.9834020033570894
2023-12-03,STS-U1,798442.069,811588.3640000001,13146.295000000042,0.9838017699820052
2023-12-04,STS-U1,868158.8589999999,882703.456,14544.597000000069,0.983522669021928
2023-12-05,STS-U1,866697.747,881391.809,14694.062000000034,0.9833285698256358
2023-12-06,STS-U1,871951.257,885679.686,13728.429000000004,0.9844995552940796
2023-12-07,STS-U1,866167.917,880706.758,14538.841000000017,0.9834918480323503
2023-12-08,STS-U1,868381.79,882509.4,14127.609999999986,0.983991547285502
2023-12-09,STS-U1,793156.576,805633.541,12476.964999999967,0.9845128530963186
2023-12-10,STS-U1,791465.753,803858.7150000001,12392.962000000058,0.9845831589945504
2023-12-11,STS-U1,872808.0650000001,887054.64,14246.574999999952,0.9839394617224482
2023-12-12,STS-U1,874020.52,887616.345,13595.824999999952,0.9846827685445564
2023-12-13,STS-U1,871904.305,886687.17,14782.86499999999,0.9833279813894228
2023-12-14,STS-U1,862359.845,876765.272,14405.427000000023,0.9835698020210818
2023-12-15,STS-U1,871725.874,885737.407,14011.533000000054,0.9841809402095174
2023-12-16,STS-U1,791957.239,805314.123,13356.884000000078,0.9834140695928164
2023-12-17,STS-U1,796692.394,809856.995,13164.601000000024,0.983744536280754
2023-12-18,STS-U1,869654.204,883800.283,14146.079000000029,0.9839940320544116
2023-12-19,STS-U1,865894.849,879597.765,13702.915999999968,0.9844213837901236
2023-12-20,STS-U1,864337.794,878759.491,14421.697000000044,0.9835885732698164
2023-12-21,STS-U1,874061.976,887704.134,13642.157999999938,0.9846320891415384
2023-12-22,STS-U1,869260.4060000001,883357.747,14097.340999999898,0.9840411871092132
2023-12-23,STS-U1,792988.155,806332.646,13344.490999999922,0.9834503897787118
2023-12-24,STS-U1,794103.6070000001,806806.26,12702.652999999931,0.9842556340601524
2023-12-25,STS-U1,872102.5619999999,886545.832,14443.270000000137,0.9837083775269498
2023-12-26,STS-U1,872036.6730000001,887992.33,15955.65699999989,0.9820317625941658
2023-12-27,STS-U1,865542.161,879626.609,14084.448000000091,0.9839881514998596
2023-12-28,STS-U1,872816.4909999999,887160.479,14343.988000000129,0.9838315746254064
2023-12-29,STS-U1,869184.474,882850.016,13665.5419999999,0.9845211057910884
2023-12-30,STS-U1,785601.9870000001,803347.348,17745.360999999917,0.9779107243657698
2023-12-31,STS-U1,789208.791,801964.462,12755.67100000009,0.9840944685152394
2024-01-01,STS-U1,870342.86,884370.371,14027.511000000057,0.9841384204401392
2024-01-02,STS-U1,873304.846,887885.352,14580.505999999936,0.983578391098404
2024-01-03,STS-U1,863405.545,877822.883,14417.337999999989,0.9835760285141713
2024-01-04,STS-U1,867668.661,881209.398,13540.73700000008,0.9846339167163534
2024-01-05,STS-U1,874779.018,889357.369,14578.350999999908,0.9836079943696964
2024-01-06,STS-U1,786738.6159999999,807198.365,20459.74900000007,0.9746533815142204
2024-01-07,STS-U1,791454.267,803919.4990000001,12465.232000000076,0.9844944275944224
2024-01-08,STS-U1,863093.6050000001,877480.844,14387.238999999943,0.9836039281103668
2024-01-09,STS-U1,867430.3369999999,882252.678,14822.341000000017,0.983199437791902
2024-01-10,STS-U1,871483.5040000001,886094.876,14611.371999999974,0.9835103752478984
2024-01-11,STS-U1,870253.959,884152.366,13898.407000000008,0.9842805295394076
2024-01-12,STS-U1,861308.1669999999,886624.258,25316.09100000013,0.9714466519818588
2024-01-13,STS-U1,794589.9190000001,809001.294,14411.374999999884,0.9821862151434336
2024-01-14,STS-U1,787837.6450000001,801758.9450000001,13921.29999999993,0.9826365516882384
2024-01-15,STS-U1,873612.59,889597.003,15984.41300000006,0.9820318493136828
2024-01-16,STS-U1,866902.769,881251.574,14348.805000000051,0.9837176971669158
2024-01-17,STS-U1,866799.973,881597.249,14797.275999999954,0.9832153786586963
2024-01-18,STS-U1,866948.1589999999,881063.497,14115.338000000103,0.9839792046225244
2024-01-19,STS-U1,868509.653,882829.193,14319.53999999992,0.9837799428093902
2024-01-20,STS-U1,790648.1459999998,804003.038,13354.892000000107,0.983389500575494
2024-01-21,STS-U1,788557.372,802415.054,13857.68200000003,0.9827300323804742
2024-01-22,STS-U1,872714.854,886982.959,14268.10499999998,0.983913890503504
2024-01-23,STS-U1,866835.7559999999,881386.766,14551.01000000001,0.9834907777591932
2024-01-24,STS-U1,872049.1950000001,885834.1,13784.904999999912,0.9844385026496496
2024-01-25,STS-U1,870668.0700000001,885709.016,15040.94599999988,0.9830181857378768
2024-01-26,STS-U1,867512.9670000001,882247.271,14734.303999999887,0.9832991220439832
2024-01-27,STS-U1,787829.155,800634.52,12805.36499999999,0.984005979407433
2024-01-28,STS-U1,787166.18,799796.39,12630.209999999965,0.9842082182941586
2024-01-29,STS-U1,874279.782,888342.492,14062.709999999965,0.984169720432556
2024-01-30,STS-U1,871842.3109999999,886705.988,14863.677000000142,0.9832371978974388
2024-01-31,STS-U1,866130.436,880117.813,13987.37699999998,0.9841073810876272
2024-02-01,STS-U1,871507.372,886035.541,14528.168999999994,0.9836031758008228
2024-02-02,STS-U1,869433.044,883203.347,13770.302999999956,0.984408683405952
2024-02-03,STS-U1,793506.4280000001,807199.307,13692.878999999955,0.9830365575375798
2024-02-04,STS-U1,789616.103,802981.908,13365.805000000051,0.9833547868677508
2024-02-05,STS-U1,868034.4670000001,882468.369,14433.901999999884,0.9836437174327776
2024-02-06,STS-U1,873328.779,888110.132,14781.353000000005,0.9833563963889108
2024-02-07,STS-U1,867367.95,881619.71,14251.76000000001,0.9838345719380523
2024-02-08,STS-U1,870433.004,885236.765,14803.761000000057,0.9832770603466744
2024-02-09,STS-U1,864002.1630000001,879019.192,15017.02899999998,0.9829161534393438
2024-02-10,STS-U1,790583.271,803965.1089999999,13381.837999999989,0.9833552005551028
2024-02-11,STS-U1,787353.4619999999,802026.057,14672.595000000088,0.9817055881514832
2024-02-12,STS-U1,870659.344,885785.766,15126.421999999904,0.9829231597745048
2024-02-13,STS-U1,868562.915,883961.736,15398.820999999996,0.9825797651947232
2024-02-14,STS-U1,871866.5700000001,886289.006,14422.435999999989,0.9837271635974688
2024-02-15,STS-U1,877744.019,892815.309,15071.290000000035,0.9831193642760442
2024-02-16,STS-U1,864122.386,879218.515,15096.128999999955,0.982830060169968
2024-02-17,STS-U1,799497.082,813192.792,13695.709999999965,0.9831581020703392
2024-02-18,STS-U1,787334.619,800663.2930000001,13328.674000000115,0.983352959831518
2024-02-19,STS-U1,867043.305,881243.944,14200.638999999966,0.9838856889778524
2024-02-20,STS-U1,865637.4639999999,879763.284,14125.820000000063,0.9839436127229878
2024-02-21,STS-U1,866470.069,881396.645,14926.576,0.9830648595219011
2024-02-22,STS-U1,867203.642,883079.778,15876.136000000057,0.9820218553345698
2024-02-23,STS-U1,716117.455,887160.01,171042.55500000005,0.8072021359483955
2024-02-24,STS-U1,775054.245,802420.487,27366.24199999997,0.9658953847223992
2024-02-25,STS-U1,781399.7940000001,801686.638,20286.843999999925,0.974694795898544
2024-02-26,STS-U1,877626.8060000001,891967.072,14340.265999999943,0.983922875126045
2024-02-27,STS-U1,870605.887,887352.247,16746.359999999986,0.9811277200721396
2024-02-28,STS-U1,867640.5599999999,882074.217,14433.657000000008,0.9836366864354228
2024-02-29,STS-U1,868192.65,883384.419,15191.768999999971,0.9828027655081384
2024-03-01,STS-U1,877410.1649999999,892675.622,15265.457000000051,0.9828992115122416
2024-03-02,STS-U1,791582.803,805301.473,13718.670000000042,0.9829645536982644
2024-03-03,STS-U1,793528.79,806429.64,12900.849999999977,0.984002510125992
2024-03-04,STS-U1,863683.9689999999,879716.591,16032.62200000009,0.9817752419767652
2024-03-05,STS-U1,866412.605,880362.678,13950.072999999977,0.9841541749228948
2024-03-06,STS-U1,870696.8180000001,884566.096,13869.277999999931,0.984320812132958
2024-03-07,STS-U1,869438.0099999999,883909.147,14471.137000000104,0.9836282529159072
2024-03-08,STS-U1,866720.337,881367.256,14646.918999999994,0.9833815938812231
2024-03-09,STS-U1,790584.2129999999,803785.6869999999,13201.474000000046,0.9835758782303372
2024-03-10,STS-U1,791145.3910000001,804583.363,13437.97199999995,0.9832982228840842
2024-03-11,STS-U1,870651.613,885200.538,14548.92499999993,0.9835642610059055
2024-03-12,STS-U1,860250.4589999999,875196.512,14946.053000000073,0.982922631894584
2024-03-13,STS-U1,863297.8,878405.871,15108.070999999996,0.98280058057581
2024-03-14,STS-U1,870731.649,885499.802,14768.15300000005,0.9833222402007944
2024-03-15,STS-U1,865864.998,880462.495,14597.496999999974,0.9834206487125836
2024-03-16,STS-U1,792199.4720000001,804985.833,12786.360999999915,0.9841160422012049
2024-03-17,STS-U1,456165.96700000006,805107.442,348941.475,0.566590175674963
2024-03-18,STS-U1,850963.1730000001,881571.132,30607.958999999915,0.965280216321784
2024-03-19,STS-U1,852689.7710000001,880138.904,27449.132999999914,0.9688127261785034
2024-03-20,STS-U1,868278.4130000001,882549.611,14271.197999999977,0.983829579864831
2024-03-21,STS-U1,870736.9160000001,885553.42,14816.503999999955,0.9832686502413372
2024-03-22,STS-U1,862018.8720000001,876407.754,14388.881999999869,0.9835819777559842
2024-03-23,STS-U1,788472.512,803069.003,14596.491000000038,0.9818241135625052
2024-03-24,STS-U1,791131.967,804442.872,13310.905000000028,0.983453262545659
2024-03-25,STS-U1,871159.7519999999,885862.457,14702.705000000193,0.9834029482976496
2024-03-26,STS-U1,868687.709,884428.811,15741.101999999955,0.9822019570097428
2024-03-27,STS-U1,870520.589,885099.732,14579.142999999924,0.9835282483172192
2024-03-28,STS-U1,872285.113,886980.682,14695.569000000018,0.9834319176299716
2024-03-29,STS-U1,859436.9870000001,874514.686,15077.698999999906,0.9827587812516164
2024-03-30,STS-U1,788716.7069999999,802033.934,13317.227000000072,0.9833956813602852
2024-03-31,STS-U1,794032.895,807464.5619999999,13431.6669999999,0.9833656266391044
2024-04-01,STS-U1,1138891.2319999998,1166789.435,27898.20300000021,0.9760897706448636
2024-04-02,STS-U1,1142911.986,1170516.01,27604.023999999976,0.9764172179071692
2024-04-03,STS-U1,1139314.8860000002,1167852.1779999998,28537.291999999667,0.9755642944050752
2024-04-04,STS-U1,1150959.9770000002,1178328.615,27368.637999999803,0.9767733400923988
2024-04-05,STS-U1,1144647.7940000002,1172526.9130000002,27879.118999999948,0.9762230455515352
2024-04-06,STS-U1,1053693.805,1077987.88,24294.074999999957,0.9774634989402664
2024-04-07,STS-U1,1054558.797,1079370.496,24811.699000000022,0.9770128059902056
2024-04-08,STS-U1,1129112.1549999998,1172572.6,43460.4450000003,0.9629358173643148
2024-04-09,STS-U1,1141610.4899999998,1168745.688,27135.198000000324,0.9767826326303416
2024-04-10,STS-U1,1142034.53,1169645.429,27610.898999999976,0.9763937871123848
2024-04-11,STS-U1,1141746.0639999998,1170487.778,28741.714000000156,0.9754446697007714
2024-04-12,STS-U1,1139587.476,1167736.905,28149.429000000004,0.9758940315412914
2024-04-13,STS-U1,1053409.139,1078633.621,25224.48200000008,0.9766144115027544
2024-04-14,STS-U1,1054526.247,1079346.21,24819.96299999999,0.9770046322764222
2024-04-15,STS-U1,1130672.775,1170090.094,39417.31900000013,0.9663125778073632
2024-04-16,STS-U1,1139240.0690000004,1167606.73,28366.66099999961,0.9757052950525562
2024-04-17,STS-U1,1144062.7589999998,1172254.674,28191.91500000027,0.9759506908991004
2024-04-18,STS-U1,1145769.7060000002,1173535.252,27765.545999999624,0.976340253986678
2024-04-19,STS-U1,1139630.824,1167812.77,28181.946,0.9758677531844424
2024-04-20,STS-U1,1048788.332,1073193.047,24404.715000000084,0.9772597156977294
2024-04-21,STS-U1,1054893.093,1079176.986,24283.89300000016,0.977497766061516
2024-04-22,STS-U1,1144514.728,1172607.642,28092.913999999877,0.976042358079737
2024-04-23,STS-U1,1137508.733,1164540.7859999998,27032.05299999984,0.9767873711895912
2024-04-24,STS-U1,1145167.801,1174015.405,28847.60400000005,0.975428257689685
2024-04-25,STS-U1,1146021.104,1173262.259,27241.155000000028,0.97678170009217
2024-04-26,STS-U1,1140188.995,1169272.955,29083.9600000002,0.975126457962076
2024-04-27,STS-U1,1048918.14,1073798.9300000002,24880.79000000027,0.976829190917521
2024-04-28,STS-U1,1052948.102,1077136.259,24188.157000000123,0.977544013769942
2024-04-29,STS-U1,1149240.349,1177386.524,28146.175000000047,0.9760943628738186
2024-04-30,STS-U1,1143383.074,1171660.015,28276.941000000108,0.9758659161890064
2024-05-01,STS-U1,1147974.542,1175882.566,27908.02400000021,0.9762663170566982
2024-05-02,STS-U1,1144270.476,1171410.789,27140.31299999985,0.976831088415048
2024-05-03,STS-U1,1142816.166,1170529.807,27713.64100000006,0.9763238485391256
2024-05-04,STS-U1,1052036.924,1076028.989,23992.065000000177,0.9777031425312276
2024-05-05,STS-U1,1050733.113,1075567.708,24834.595000000205,0.9769102448732124
2024-05-06,STS-U1,1138392.3309999998,1166086.223,27693.892000000225,0.9762505623908736
2024-05-07,STS-U1,1141515.902,1169372.711,27856.809000000125,0.9761779894998764
2024-05-08,STS-U1,1141934.483,1169719.112,27784.62899999996,0.976246751279892
2024-05-09,STS-U1,1145613.317,1172913.379,27300.06199999992,0.9767245710648512
2024-05-10,STS-U1,1140863.022,1167899.252,27036.22999999998,0.9768505460092546
2024-05-11,STS-U1,1048611.419,1072894.406,24282.986999999965,0.9773668434990423
2024-05-12,STS-U1,1038671.712,1074109.314,35437.601999999955,0.9670074530235384
2024-05-13,STS-U1,1139064.6390000002,1167113.933,28049.29399999976,0.975966961573408
2024-05-14,STS-U1,1139589.2229999998,1167611.736,28022.51300000027,0.9760001444521278
2024-05-15,STS-U1,1141785.1,1169386.023,27600.92299999995,0.9763970814965008
2024-05-16,STS-U1,1139675.9999999998,1166705.971,27029.971000000136,0.9768322339373712
2024-05-17,STS-U1,1137498.614,1166379.956,28881.341999999942,0.9752384788066436
2024-05-18,STS-U1,1048587.1990000005,1073786.236,25199.03699999978,0.9765325386420768
2024-05-19,STS-U1,1054506.1800000002,1078855.275,24349.09499999974,0.9774306196908572
2024-05-20,STS-U1,1145295.344,1172711.826,27416.481999999844,0.9766212965605416
2024-05-21,STS-U1,1148522.743,1176181.98,27659.236999999965,0.9764838796459032
2024-05-22,STS-U1,1145259.809,1173706.358,28446.549000000115,0.9757634873440806
2024-05-23,STS-U1,1146044.315,1174538.084,28493.769000000088,0.975740446914278
2024-05-24,STS-U1,1138551.48,1166195.897,27644.4169999999,0.9762952201503072
2024-05-25,STS-U1,1049197.404,1074366.122,25168.71799999988,0.9765734254974956
2024-05-26,STS-U1,1049238.565,1073871.894,24633.32899999991,0.9770612033542988
2024-05-27,STS-U1,1137662.5710000002,1166343.6260000002,28681.05499999993,0.9754094296392204
2024-05-28,STS-U1,1147928.6869999997,1176399.0720000002,28470.385000000475,0.9757987015821104
2024-05-29,STS-U1,1140034.471,1168976.591,28942.12000000011,0.9752414888178028
2024-05-30,STS-U1,1143136.353,1172324.652,29188.298999999883,0.975102204879677
2024-05-31,STS-U1,1135126.531,1171530.488,36403.95699999994,0.9689261548266256
2024-06-01,STS-U1,1014085.736,1074401.979,60316.24300000002,0.9438606367272896
2024-06-02,STS-U1,1016227.448,1077775.076,61547.62799999979,0.94289381024803
2024-06-03,STS-U1,1096911.3310000002,1177443.473,80532.14199999976,0.9316042393145104
2024-06-04,STS-U1,1092112.433,1172108.176,79995.74300000002,0.931750546034925
2024-06-05,STS-U1,1091092.674,1172179.986,81087.31199999992,0.9308234972713484
2024-06-06,STS-U1,1096733.754,1177150.25,80416.49600000004,0.9316854445726024
2024-06-07,STS-U1,1093872.731,1173455.882,79583.15100000007,0.9321805342486664
2024-06-08,STS-U1,1010235.937,1071396.75,61160.81300000008,0.9429148791052426
2024-06-09,STS-U1,1014081.225,1075097.705,61016.47999999998,0.9432456420321352
2024-06-10,STS-U1,1091521.442,1172365.223,80843.78099999996,0.9310421535764032
2024-06-11,STS-U1,1090137.2800000005,1170741.444,80604.16399999987,0.9311511825150696
2024-06-12,STS-U1,1080288.64,1168452.175,88163.53499999992,0.9245467320902544
2024-06-13,STS-U1,1096554.677,1176922.115,80367.43800000008,0.9317138857570026
2024-06-14,STS-U1,1088360.217,1169601.914,81241.69699999993,0.9305390184236652
2024-06-15,STS-U1,1017068.799,1077982.675,60913.87600000005,0.9434927133685148
2024-06-16,STS-U1,1016635.036,1076904.814,60269.77799999993,0.944034257051803
2024-06-17,STS-U1,1086797.293,1166111.212,79313.919,0.931984258290452
2024-06-18,STS-U1,1088438.371,1168039.159,79600.78799999994,0.9318509252137154
2024-06-19,STS-U1,1092820.607,1172133.28,79312.67299999995,0.9323347657187928
2024-06-20,STS-U1,1087681.4470000002,1167193.648,79512.20099999988,0.9318774556936248
2024-06-21,STS-U1,1091798.707,1172366.435,80567.72800000012,0.9312776913474156
2024-06-22,STS-U1,1012185.068,1074176.814,61991.74599999993,0.9422890671330392
2024-06-23,STS-U1,1015922.895,1077117.3199999998,61194.4249999997,0.9431868526633664
2024-06-24,STS-U1,1088988.427,1168954.119,79965.69200000004,0.9315921038300392
2024-06-25,STS-U1,1093583.2029999995,1173076.101,79492.89800000028,0.932235514872193
2024-06-26,STS-U1,1085398.226,1165779.5699999998,80381.34399999981,0.931049277180248
2024-06-27,STS-U1,1093002.0480000002,1171968.615,78966.5669999998,0.9326205787515908
2024-06-28,STS-U1,1092760.781,1172687.9819999998,79927.20099999988,0.931842738881245
2024-06-29,STS-U1,1011622.8120000002,1072679.9840000002,61057.17200000002,0.9430797880908348
2024-06-30,STS-U1,1020830.444,1081972.6970000002,61142.253000000026,0.9434900222810336
2024-07-01,STS-U1,864214.0630000002,928524.495,64310.4319999998,0.9307391109805888
2024-07-02,STS-U1,876457.982,929842.273,53384.291000000085,0.9425877995116704
2024-07-03,STS-U1,873710.746,927984.198,54273.45199999993,0.9415146808351148
2024-07-04,STS-U1,874727.207,928185.983,53458.775999999954,0.9424051030945164
2024-07-05,STS-U1,878022.8659999999,932054.697,54031.83100000012,0.9420293345724108
2024-07-06,STS-U1,791015.4650000001,842310.21,51294.74499999988,0.9391023112494388
2024-07-07,STS-U1,795940.706,848491.779,52551.072999999975,0.9380653127105902
2024-07-08,STS-U1,880287.836,933843.852,53556.015999999945,0.9426499238761388
2024-07-09,STS-U1,870456.8430000001,923346.394,52889.55099999986,0.942719708070902
2024-07-10,STS-U1,871017.7040000001,925012.048,53994.34399999981,0.9416284964971616
2024-07-11,STS-U1,876376.4600000001,930929.662,54553.20199999993,0.9413992224903456
2024-07-12,STS-U1,878524.6619999999,932044.601,53519.93900000013,0.942577920689012
2024-07-13,STS-U1,795185.393,847800.041,52614.64799999993,0.9379397906870356
2024-07-14,STS-U1,797377.36,849474.283,52096.92300000007,0.9386715712969972
2024-07-15,STS-U1,866692.803,920372.769,53679.966000000015,0.9416758428670982
2024-07-16,STS-U1,875137.371,928000.133,52862.76199999999,0.9430358249743914
2024-07-17,STS-U1,869766.2990000001,922788.742,53022.442999999854,0.9425410816292772
2024-07-18,STS-U1,868397.747,922558.424,54160.677000000025,0.9412929570734698
2024-07-19,STS-U1,873603.389,927590.083,53986.69400000002,0.9417989745800248
2024-07-20,STS-U1,789252.6549999999,845890.032,56637.377000000095,0.933044042538144
2024-07-21,STS-U1,793547.7900000002,845003.283,51455.4929999999,0.9391061620289588
2024-07-22,STS-U1,876116.9950000001,929608.55,53491.554999999935,0.9424579786836084
2024-07-23,STS-U1,875968.241,931015.957,55047.716000000015,0.9408734989060988
2024-07-24,STS-U1,875421.739,934281.551,58859.812000000034,0.936999920487566
2024-07-25,STS-U1,874019.1590000001,927055.768,53036.60899999994,0.9427902712752444
2024-07-26,STS-U1,873281.39,927223.026,53941.63599999994,0.9418245292799708
2024-07-27,STS-U1,790699.949,843246.575,52546.62599999993,0.937685337174361
2024-07-28,STS-U1,796693.525,847754.728,51061.20299999998,0.9397688962225405
2024-07-29,STS-U1,868689.754,923947.867,55258.11300000001,0.9401934730587996
2024-07-30,STS-U1,879545.9500000001,932959.173,53413.22299999988,0.9427485954950786
2024-07-31,STS-U1,878816.0260000001,933296.538,54480.51199999987,0.9416257215346064
2024-08-01,STS-U1,875475.6410000001,928527.251,53051.60999999999,0.9428647786665768
2024-08-02,STS-U1,881326.37,934519.175,53192.80500000005,0.9430800282936944
2024-08-03,STS-U1,791421.42,843180.304,51758.88399999996,0.9386146904114592
2024-08-04,STS-U1,798521.522,849499.277,50977.755000000005,0.939990820027502
2024-08-05,STS-U1,871289.62,925055.637,53766.01699999999,0.9418780721402166
2024-08-06,STS-U1,875345.1810000001,929037.161,53691.979999999865,0.9422068543068752
2024-08-07,STS-U1,877594.3970000001,930920.942,53326.544999999925,0.9427163547471252
2024-08-08,STS-U1,872226.979,926460.137,54233.15799999994,0.9414619627611674
2024-08-09,STS-U1,873976.681,927624.748,53648.06700000004,0.9421661969285882
2024-08-10,STS-U1,788704.08,840806.64,52102.560000000056,0.93803264921885
2024-08-11,STS-U1,796739.711,847719.083,50979.37199999997,0.9398628944159324
2024-08-12,STS-U1,881430.1079999999,934636.635,53206.52700000012,0.9430725000416872
2024-08-13,STS-U1,881484.3919999999,934961.967,53477.57500000007,0.9428024059934836
2024-08-14,STS-U1,872312.6039999999,925197.512,52884.90800000005,0.9428393318031316
2024-08-15,STS-U1,878693.1819999999,932013.155,53319.97300000012,0.9427905360413072
2024-08-16,STS-U1,876332.9630000001,929472.552,53139.58899999992,0.942828232113303
2024-08-17,STS-U1,796964.3960000001,848901.955,51937.55899999989,0.9388179533642376
2024-08-18,STS-U1,798004.8369999999,849326.07,51321.23300000001,0.9395741696707838
2024-08-19,STS-U1,873471.2,926708.774,53237.57400000002,0.9425519909882714
2024-08-20,STS-U1,879367.797,932829.176,53461.37899999996,0.9426889934669024
2024-08-21,STS-U1,877769.683,930685.594,52915.91100000008,0.9431430857626448
2024-08-22,STS-U1,878798.567,931649.627,52851.05999999994,0.9432715277628724
2024-08-23,STS-U1,871862.422,924805.879,52943.45699999994,0.9427518161354596
2024-08-24,STS-U1,798321.957,849756.333,51434.37599999993,0.939471617918498
2024-08-25,STS-U1,790151.955,842102.3759999999,51950.42099999997,0.938308663553753
2024-08-26,STS-U1,873757.226,927203.733,53446.50699999998,0.9423573211606128
2024-08-27,STS-U1,879412.5280000002,932926.272,53513.74399999983,0.9426388283767833
2024-08-28,STS-U1,870410.0889999999,922702.939,52292.85000000009,0.9433264512447812
2024-08-29,STS-U1,872814.0499999999,926556.786,53742.73600000003,0.941997363991029
2024-08-30,STS-U1,870982.651,927654.604,56671.953000000096,0.938908347184789
2024-08-31,STS-U1,794426.402,845044.398,50617.99600000004,0.9401001934101928
2024-09-01,STS-U1,798109.3770000001,850214.578,52105.200999999885,0.9387152345440024
2024-09-02,STS-U1,873838.784,929266.452,55427.66800000006,0.9403533099890709
2024-09-03,STS-U1,878723.2400000001,932494.172,53770.93199999991,0.9423364417552628
2024-09-04,STS-U1,879073.3070000001,933095.796,54022.48899999983,0.9421040270124637
2024-09-05,STS-U1,678897.683,931606.908,252709.2250000001,0.7287383521634426
2024-09-06,STS-U1,816084.387,935507.939,119423.55200000004,0.8723436252955198
2024-09-07,STS-U1,812075.385,849390.571,37315.18599999999,0.956068283220912
2024-09-08,STS-U1,810892.895,849619.022,38726.12699999998,0.9544194209437086
2024-09-09,STS-U1,887346.979,926042.317,38695.33799999999,0.9582142875226728
2024-09-10,STS-U1,887551.694,925799.674,38247.97999999998,0.9586865484249458
2024-09-11,STS-U1,884914.023,923404.936,38490.91299999994,0.9583163231000966
2024-09-12,STS-U1,891250.4249999999,929893.842,38643.417000000016,0.9584431950674216
2024-09-13,STS-U1,884902.195,923089.68,38187.4850000001,0.9586307963057282
2024-09-14,STS-U1,809263.6429999999,846451.101,37187.4580000001,0.9560666198483684
2024-09-15,STS-U1,825447.603,846283.046,20835.44299999997,0.9753800538738432
2024-09-16,STS-U1,906877.155,928675.828,21798.67299999995,0.9765271450566926
2024-09-17,STS-U1,908714.52,930932.538,22218.017999999924,0.9761335896071128
2024-09-18,STS-U1,910047.156,931879.512,21832.35600000003,0.9765716965349486
2024-09-19,STS-U1,905941.057,927631.356,21690.299,0.976617544394435
2024-09-20,STS-U1,906228.334,928287.383,22059.049000000115,0.9762368320371752
2024-09-21,STS-U1,825236.689,845731.731,20495.042000000016,0.9757664975207132
2024-09-22,STS-U1,825798.712,845907.656,20108.9439999999,0.9762279678433364
2024-09-23,STS-U1,902621.514,924430.84,21809.325999999885,0.9764078338191314
2024-09-24,STS-U1,896963.5140000001,918397.003,21433.488999999943,0.9766620656099856
2024-09-25,STS-U1,897980.966,919671.262,21690.295999999973,0.9764151638784164
2024-09-26,STS-U1,905758.279,927498.439,21740.160000000036,0.9765604349443008
2024-09-27,STS-U1,910171.077,931784.608,21613.531000000075,0.9768041553654854
2024-09-28,STS-U1,829972.282,850471.84,20499.55799999996,0.9758962530728824
2024-09-29,STS-U1,825688.3739999998,846266.462,20578.08800000022,0.9756836777492428
2024-09-30,STS-U1,905583.744,926728.226,21144.48200000008,0.9771837293752612
2024-10-01,STS-U1,872570.999,885874.289,13303.290000000035,0.9849828692793228
2024-10-02,STS-U1,874553.749,887925.162,13371.41300000006,0.9849408333356814
2024-10-03,STS-U1,870169.8269999999,883214.7609999999,13044.934000000008,0.9852301675922738
2024-10-04,STS-U1,872830.4739999999,886835.985,14005.511000000057,0.9842073266794648
2024-10-05,STS-U1,794407.172,807310.804,12903.631999999983,0.9840165250656052
2024-10-06,STS-U1,793235.668,805546.601,12310.933000000075,0.984717292600183
2024-10-07,STS-U1,869865.844,883690.854,13825.01000000001,0.9843553772935169
2024-10-08,STS-U1,871863.378,885347.442,13484.064000000011,0.9847697487332888
2024-10-09,STS-U1,873591.587,886707.283,13115.695999999996,0.9852085392198138
2024-10-10,STS-U1,871742.2849999999,884782.172,13039.887000000104,0.985262036902796
2024-10-11,STS-U1,868805.824,881814.888,13009.064000000011,0.985247398091106
2024-10-12,STS-U1,794051.805,806816.6159999999,12764.81099999987,0.984178795098092
2024-10-13,STS-U1,797011.8319999999,809486.648,12474.816000000108,0.9845892257385324
2024-10-14,STS-U1,868539.3369999999,881954.316,13414.97900000005,0.9847894854000576
2024-10-15,STS-U1,870291.404,886350.11,16058.706000000006,0.9818822090516804
2024-10-16,STS-U1,864789.2810000001,878024.904,13235.622999999903,0.9849256861169852
2024-10-17,STS-U1,870772.315,885529.418,14757.103000000005,0.9833352763894287
2024-10-18,STS-U1,866510.5950000001,879745.638,13235.042999999949,0.9849558299259225
2024-10-19,STS-U1,801276.3720000001,813516.352,12239.979999999863,0.9849542299058792
2024-10-20,STS-U1,791671.181,804843.789,13172.608000000007,0.9836333358348124
2024-10-21,STS-U1,870831.919,883804.988,12973.069000000018,0.9853213444412016
2024-10-22,STS-U1,870656.3420000001,884519.901,13863.558999999892,0.9843264589249756
2024-10-23,STS-U1,869621.2239999999,883329.083,13707.859000000057,0.9844815943867208
2024-10-24,STS-U1,869189.909,882928.284,13738.375,0.9844399876536292
2024-10-25,STS-U1,869163.383,882132.157,12968.773999999976,0.9852983774629588
2024-10-26,STS-U1,799664.372,811763.2690000001,12098.897000000114,0.985095535284684
2024-10-27,STS-U1,795388.009,807817.478,12429.46900000004,0.9846135181046428
2024-10-28,STS-U1,871156.995,885410.93,14253.935000000056,0.9839013338134418
2024-10-29,STS-U1,870186.5780000001,884251.399,14064.82099999988,0.9840940924539042
2024-10-30,STS-U1,866934.835,880720.375,13785.540000000035,0.9843474269571656
2024-10-31,STS-U1,866697.285,880167.046,13469.76099999994,0.9846963584228534
2024-11-01,STS-U1,873031.88,886577.922,13546.042000000016,0.9847209797764398
2024-11-02,STS-U1,787771.4460000001,800426.798,12655.35199999984,0.9841892449982668
2024-11-03,STS-U1,793518.6810000001,807202.8200000001,13684.138999999966,0.9830474588778072
2024-11-04,STS-U1,864364.212,877464.3150000001,13100.103000000005,0.9850705005593304
2024-11-05,STS-U1,866241.317,881027.678,14786.360999999915,0.983216916597256
2024-11-06,STS-U1,859002.158,881499.523,22497.36499999999,0.9744783015611456
2024-11-07,STS-U1,861889.879,875735.649,13845.77000000002,0.9841895553574752
2024-11-08,STS-U1,863411.038,878691.267,15280.22900000005,0.9826102414194132
2024-11-09,STS-U1,796614.8640000001,809129.617,12514.75299999991,0.9845330677099664
2024-11-10,STS-U1,794819.3559999999,807285.804,12466.448000000091,0.9845575780742948
2024-11-11,STS-U1,864445.99,877440.255,12994.265000000014,0.9851907125004198
2024-11-12,STS-U1,867923.699,881814.486,13890.787000000011,0.9842474951131616
2024-11-13,STS-U1,870966.025,884564.153,13598.128000000026,0.9846273128366304
2024-11-14,STS-U1,873649.6020000001,887159.133,13509.53099999996,0.9847721445933648
2024-11-15,STS-U1,872097.572,885587.733,13490.160999999964,0.9847669965410418
2024-11-16,STS-U1,791754.572,804372.211,12617.638999999966,0.984313681119946
2024-11-17,STS-U1,794397.44,806466.885,12069.445000000063,0.9850341716138784
2024-11-18,STS-U1,872209.4310000001,885811.241,13601.80999999994,0.9846447986089624
2024-11-19,STS-U1,871177.8960000001,885160.082,13982.185999999989,0.9842037770519344
2024-11-20,STS-U1,869796.818,882534.979,12738.16100000008,0.9855663953235784
2024-11-21,STS-U1,870867.9,885210.782,14342.881999999983,0.983797212718541
2024-11-22,STS-U1,878421.856,892490.639,14068.782999999938,0.9842364923672886
2024-11-23,STS-U1,792871.4870000001,805325.3670000001,12453.880000000005,0.98453559205965
2024-11-24,STS-U1,795214.5210000001,808153.532,12939.01099999994,0.9839894147737264
2024-11-25,STS-U1,866100.2390000001,879745.516,13645.276999999884,0.9844895179892
2024-11-26,STS-U1,876838.5200000001,890920.25,14081.729999999863,0.9841941745066408
2024-11-27,STS-U1,871026.965,884798.436,13771.47100000002,0.9844354709053758
2024-11-28,STS-U1,866423.8790000001,880185.414,13761.534999999916,0.9843651862651748
2024-11-29,STS-U1,875744.27,889155.95,13411.679999999937,0.9849163917758184
2024-11-30,STS-U1,783870.991,806907.9739999999,23036.98299999989,0.9714502970074752
2024-12-01,STS-U1,797030.25,809851.61,12821.359999999986,0.9841682601581788
2024-12-02,STS-U1,876215.107,890013.286,13798.179000000004,0.9844966595251478
2024-12-03,STS-U1,868054.632,882853.892,14799.26000000001,0.983237022417748
2024-12-04,STS-U1,867719.6720000001,881584.746,13865.073999999906,0.9842725568212136
2024-12-05,STS-U1,867426.0709999999,880648.983,13222.912000000128,0.9849850368816016
2024-12-06,STS-U1,868348.772,881921.882,13573.109999999986,0.9846096232818043
2024-12-07,STS-U1,796861.02,809070.737,12209.716999999946,0.984908962292626
2024-12-08,STS-U1,794098.084,807335.842,13237.757999999914,0.9836031583000128
2024-12-09,STS-U1,870691.671,884601.694,13910.023000000045,0.984275382814268
2024-12-10,STS-U1,870395.797,883715.12,13319.322999999977,0.9849280354057992
2024-12-11,STS-U1,874611.75,888094.014,13482.263999999966,0.9848188775203252
2024-12-12,STS-U1,873267.8750000001,887341.558,14073.682999999844,0.9841394974988876
2024-12-13,STS-U1,872262.7790000001,886701.737,14438.957999999868,0.983716104979278
2024-12-14,STS-U1,798139.912,810458.8640000001,12318.952000000048,0.9848000280492952
2024-12-15,STS-U1,793535.5460000001,807361.073,13825.526999999884,0.9828756581629248
2024-12-16,STS-U1,871006.92,884431.125,13424.204999999958,0.9848216501878538
2024-12-17,STS-U1,873595.4359999999,887477.2,13881.764000000085,0.9843581739339332
2024-12-18,STS-U1,868130.07,881575.84,13445.77000000002,0.9847480280312582
2024-12-19,STS-U1,861088.369,885272.032,24183.66300000006,0.972682224078214
2024-12-20,STS-U1,869868.136,883185.809,13317.672999999952,0.9849208707111372
2024-12-21,STS-U1,796359.7089999999,809546.442,13186.733000000124,0.9837109616992176
2024-12-22,STS-U1,793038.89,805582.587,12543.697000000044,0.9844290365725096
2024-12-23,STS-U1,873132.2239999999,886966.694,13834.470000000088,0.9844024921188302
2024-12-24,STS-U1,864983.85,879027.775,14043.925000000048,0.9840233432896928
2024-12-25,STS-U1,873853.6719999999,887528.85,13675.178000000073,0.9845918496057902
2024-12-26,STS-U1,867746.5439999999,881115.701,13369.157000000125,0.9848270130871268
2024-12-27,STS-U1,868064.7999999999,882109.768,14044.96800000011,0.9840779815511576
2024-12-28,STS-U1,788876.788,802538.319,13661.531000000075,0.982977098193862
2024-12-29,STS-U1,796515.659,808842.264,12326.60499999998,0.9847601868143724
2024-12-30,STS-U1,863839.6259999999,877958.121,14118.495000000112,0.9839189425300616
2024-12-31,STS-U1,872936.499,886730.551,13794.052000000023,0.9844439193118542
